1,1,434.35,434.35,2021-03-13 7:53:43
2,2,1010.87,1010.87,2021-03-13 7:53:43
3,3,578.36,578.36,2021-03-13 7:53:43
4,4,420.71,420.71,2021-03-13 7:53:43
5,5,88.05,88.05,2021-03-13 7:53:43
6,6,735.75,735.75,2021-03-13 7:53:43
7,7,695.7,695.7,2021-03-13 7:53:43
8,8,843.48,843.48,2021-03-13 7:53:43
9,9,336.33,336.33,2021-03-13 7:53:43
10,10,40.41,40.41,2021-03-13 7:53:43
11,11,588.3,588.3,2021-03-13 7:53:43
12,12,151.77,151.77,2021-03-13 7:53:43
13,13,641.56,641.56,2021-03-13 7:53:43
14,14,563.1,563.1,2021-03-13 7:53:43
15,15,347.74,347.74,2021-03-13 7:53:43
16,16,963.72,963.72,2021-03-13 7:53:43
17,17,763.74,763.74,2021-03-13 7:53:43
18,18,1117.39,1117.39,2021-03-13 7:53:43
19,19,657.8,657.8,2021-03-13 7:53:43
20,20,357.42,357.42,2021-03-13 7:53:43
21,21,974.17,974.17,2021-03-13 7:53:43
22,22,871.18,871.18,2021-03-13 7:53:43
23,23,349.59,349.59,2021-03-13 7:53:43
24,24,190.75,190.75,2021-03-13 7:53:43
25,25,791.25,791.25,2021-03-13 7:53:43
26,26,267.17,267.17,2021-03-13 7:53:43
27,27,634.99,634.99,2021-03-13 7:53:43
28,28,853.37,853.37,2021-03-13 7:53:43
29,29,961.79,961.79,2021-03-13 7:53:43
30,30,1265.34,1265.34,2021-03-13 7:53:43
31,31,721.99,721.99,2021-03-13 7:53:43
32,32,342.73,342.73,2021-03-13 7:53:43
33,33,657.11,657.11,2021-03-13 7:53:43
34,34,413.3,413.3,2021-03-13 7:53:43
35,35,212.44,212.44,2021-03-13 7:53:43
36,36,150.4,150.4,2021-03-13 7:53:43
37,37,963.04,963.04,2021-03-13 7:53:43
38,38,877.6,877.6,2021-03-13 7:53:43
39,39,998.84,998.84,2021-03-13 7:53:43
40,40,270.15,270.15,2021-03-13 7:53:43
41,41,345.27,345.27,2021-03-13 7:53:43
42,42,862.34,862.34,2021-03-13 7:53:43
43,43,131.13,131.13,2021-03-13 7:53:43
44,44,593.77,593.77,2021-03-13 7:53:43
45,45,816.21,816.21,2021-03-13 7:53:43
46,46,637.64,637.64,2021-03-13 7:53:43
47,47,530.74,530.74,2021-03-13 7:53:43
48,48,815.05,815.05,2021-03-13 7:53:43
49,49,837.13,837.13,2021-03-13 7:53:43
50,50,442.98,442.98,2021-03-13 7:53:43
51,51,1113.3,1113.3,2021-03-13 7:53:43
52,52,1070.96,1070.96,2021-03-13 7:53:43
53,53,660.53,660.53,2021-03-13 7:53:43
54,54,85.94,85.94,2021-03-13 7:53:43
55,55,1126.62,1126.62,2021-03-13 7:53:43
56,56,753.49,753.49,2021-03-13 7:53:43
57,57,616.17,616.17,2021-03-13 7:53:43
58,58,610.16,610.16,2021-03-13 7:53:43
59,59,1228.24,1228.24,2021-03-13 7:53:43
60,60,155.95,155.95,2021-03-13 7:53:43
61,61,1105.18,1105.18,2021-03-13 7:53:43
62,62,35.31,35.31,2021-03-13 7:53:43
63,63,356.13,356.13,2021-03-13 7:53:43
64,64,205.9,205.9,2021-03-13 7:53:43
65,65,618.65,618.65,2021-03-13 7:53:43
66,66,347.57,347.57,2021-03-13 7:53:43
67,67,912.71,912.71,2021-03-13 7:53:43
68,68,74.9,74.9,2021-03-13 7:53:43
69,69,747.95,747.95,2021-03-13 7:53:43
70,70,995.47,995.47,2021-03-13 7:53:43
71,71,804.49,804.49,2021-03-13 7:53:43
72,72,7.56,7.56,2021-03-13 7:53:43
73,73,140.56,140.56,2021-03-13 7:53:43
74,74,798.85,798.85,2021-03-13 7:53:43
75,75,820.48,820.48,2021-03-13 7:53:43
76,76,522.49,522.49,2021-03-13 7:53:43
77,77,1354.07,1354.07,2021-03-13 7:53:43
78,78,817.95,817.95,2021-03-13 7:53:43
79,79,451.6,451.6,2021-03-13 7:53:43
80,80,851.81,851.81,2021-03-13 7:53:43
81,81,330.06,330.06,2021-03-13 7:53:43
82,82,664.48,664.48,2021-03-13 7:53:43
83,83,1106.9,1106.9,2021-03-13 7:53:43
84,84,767.71,767.71,2021-03-13 7:53:43
85,85,764.71,764.71,2021-03-13 7:53:43
86,86,245.22,245.22,2021-03-13 7:53:43
87,87,894.4,894.4,2021-03-13 7:53:43
88,88,368.89,368.89,2021-03-13 7:53:43
89,89,948.82,948.82,2021-03-13 7:53:43
90,90,811.16,811.16,2021-03-13 7:53:43
91,91,621.95,621.95,2021-03-13 7:53:43
92,92,688.51,688.51,2021-03-13 7:53:43
93,93,639.7,639.7,2021-03-13 7:53:43
94,94,284.39,284.39,2021-03-13 7:53:43
95,95,512.57,512.57,2021-03-13 7:53:43
96,96,1092.83,1092.83,2021-03-13 7:53:43
97,97,187.1,187.1,2021-03-13 7:53:43
98,98,410.44,410.44,2021-03-13 7:53:43
99,99,740.54,740.54,2021-03-13 7:53:43
100,100,587.14,587.14,2021-03-13 7:53:43
101,101,658.91,658.91,2021-03-13 7:53:43
102,102,589.23,589.23,2021-03-13 7:53:43
103,103,419.4,419.4,2021-03-13 7:53:43
104,104,567.03,567.03,2021-03-13 7:53:43
105,105,867.4,867.4,2021-03-13 7:53:43
106,106,572.3,572.3,2021-03-13 7:53:43
107,107,935.23,935.23,2021-03-13 7:53:43
108,108,724.97,724.97,2021-03-13 7:53:43
109,109,494.56,494.56,2021-03-13 7:53:43
110,110,768.62,768.62,2021-03-13 7:53:43
111,111,1016.33,1016.33,2021-03-13 7:53:43
112,112,890.32,890.32,2021-03-13 7:53:43
113,113,915.63,915.63,2021-03-13 7:53:43
114,114,474.23,474.23,2021-03-13 7:53:43
115,115,286.57,286.57,2021-03-13 7:53:43
116,116,1073.43,1073.43,2021-03-13 7:53:43
117,117,1007.08,1007.08,2021-03-13 7:53:43
118,118,210.99,210.99,2021-03-13 7:53:43
119,119,480.15,480.15,2021-03-13 7:53:43
120,120,481.82,481.82,2021-03-13 7:53:43
121,121,481.84,481.84,2021-03-13 7:53:43
122,122,132.42,132.42,2021-03-13 7:53:43
123,123,872.38,872.38,2021-03-13 7:53:43
124,124,759.59,759.59,2021-03-13 7:53:43
125,125,1092.53,1092.53,2021-03-13 7:53:43
126,126,631.71,631.71,2021-03-13 7:53:43
127,127,413.97,413.97,2021-03-13 7:53:43
128,128,202.18,202.18,2021-03-13 7:53:43
129,129,143.3,143.3,2021-03-13 7:53:43
130,130,656.41,656.41,2021-03-13 7:53:43
131,131,611.11,611.11,2021-03-13 7:53:43
132,132,454.6,454.6,2021-03-13 7:53:43
133,133,484.06,484.06,2021-03-13 7:53:43
134,134,1116.98,1116.98,2021-03-13 7:53:43
135,135,1198.81,1198.81,2021-03-13 7:53:43
136,136,859.21,859.21,2021-03-13 7:53:43
137,137,558.12,558.12,2021-03-13 7:53:43
138,138,161.3,161.3,2021-03-13 7:53:43
139,139,426.58,426.58,2021-03-13 7:53:43
140,140,61.61,61.61,2021-03-13 7:53:43
141,141,831.73,831.73,2021-03-13 7:53:43
142,142,443.54,443.54,2021-03-13 7:53:43
143,143,694.2,694.2,2021-03-13 7:53:43
144,144,1036.65,1036.65,2021-03-13 7:53:43
145,145,1032.99,1032.99,2021-03-13 7:53:43
146,146,294.92,294.92,2021-03-13 7:53:43
147,147,168.42,168.42,2021-03-13 7:53:43
148,148,330.17,330.17,2021-03-13 7:53:43
149,149,135.29,135.29,2021-03-13 7:53:43
150,150,980.25,980.25,2021-03-13 7:53:43
151,151,447.84,447.84,2021-03-13 7:53:43
152,152,172.96,172.96,2021-03-13 7:53:43
153,153,127.6,127.6,2021-03-13 7:53:43
154,154,476.47,476.47,2021-03-13 7:53:43
155,155,562.54,562.54,2021-03-13 7:53:43
156,156,196.06,196.06,2021-03-13 7:53:43
157,157,1101.52,1101.52,2021-03-13 7:53:43
158,158,563.29,563.29,2021-03-13 7:53:43
159,159,183.65,183.65,2021-03-13 7:53:43
160,160,460.63,460.63,2021-03-13 7:53:43
161,161,349.48,349.48,2021-03-13 7:53:43
162,162,1183.64,1183.64,2021-03-13 7:53:43
163,163,954.64,954.64,2021-03-13 7:53:43
164,164,917.07,917.07,2021-03-13 7:53:43
165,165,612.95,612.95,2021-03-13 7:53:43
166,166,254.06,254.06,2021-03-13 7:53:43
167,167,390.27,390.27,2021-03-13 7:53:43
168,168,381.96,381.96,2021-03-13 7:53:43
169,169,1053.26,1053.26,2021-03-13 7:53:43
170,170,125.91,125.91,2021-03-13 7:53:43
171,171,387.23,387.23,2021-03-13 7:53:43
172,172,756.57,756.57,2021-03-13 7:53:43
173,173,401.46,401.46,2021-03-13 7:53:43
174,174,335.62,335.62,2021-03-13 7:53:43
175,175,1146.84,1146.84,2021-03-13 7:53:43
176,176,161.9,161.9,2021-03-13 7:53:43
177,177,241.59,241.59,2021-03-13 7:53:43
178,178,572.18,572.18,2021-03-13 7:53:43
179,179,71.51,71.51,2021-03-13 7:53:43
180,180,1326.43,1326.43,2021-03-13 7:53:43
181,181,881.66,881.66,2021-03-13 7:53:43
182,182,1425.44,1425.44,2021-03-13 7:53:43
183,183,209.98,209.98,2021-03-13 7:53:43
184,184,772.78,772.78,2021-03-13 7:53:43
185,185,723.21,723.21,2021-03-13 7:53:43
186,186,239.61,239.61,2021-03-13 7:53:43
187,187,912.39,912.39,2021-03-13 7:53:43
188,188,826.27,826.27,2021-03-13 7:53:43
189,189,734.75,734.75,2021-03-13 7:53:43
190,190,636.4,636.4,2021-03-13 7:53:43
191,191,1180.19,1180.19,2021-03-13 7:53:43
192,192,769.21,769.21,2021-03-13 7:53:43
193,193,1241.77,1241.77,2021-03-13 7:53:43
194,194,632.81,632.81,2021-03-13 7:53:43
195,195,88.2,88.2,2021-03-13 7:53:43
196,196,197.67,197.67,2021-03-13 7:53:43
197,197,597.32,597.32,2021-03-13 7:53:43
198,198,886.92,886.92,2021-03-13 7:53:43
199,199,808.09,808.09,2021-03-13 7:53:43
200,200,734.22,734.22,2021-03-13 7:53:43
201,201,573.59,573.59,2021-03-13 7:53:43
202,202,979.91,979.91,2021-03-13 7:53:43
203,203,640.72,640.72,2021-03-13 7:53:43
204,204,753.1,753.1,2021-03-13 7:53:43
205,205,777.54,777.54,2021-03-13 7:53:43
206,206,129.16,129.16,2021-03-13 7:53:43
207,207,299.89,299.89,2021-03-13 7:53:43
208,208,1072.05,1072.05,2021-03-13 7:53:44
209,209,929.83,929.83,2021-03-13 7:53:44
210,210,856.15,856.15,2021-03-13 7:53:44
211,211,595.97,595.97,2021-03-13 7:53:44
212,212,721.87,721.87,2021-03-13 7:53:44
213,213,748.08,748.08,2021-03-13 7:53:44
214,214,1065.65,1065.65,2021-03-13 7:53:44
215,215,249.41,249.41,2021-03-13 7:53:44
216,216,238.69,238.69,2021-03-13 7:53:44
217,217,916.85,916.85,2021-03-13 7:53:44
218,218,60.41,60.41,2021-03-13 7:53:44
219,219,1182.06,1182.06,2021-03-13 7:53:44
220,220,152.89,152.89,2021-03-13 7:53:44
221,221,534.32,534.32,2021-03-13 7:53:44
222,222,854.81,854.81,2021-03-13 7:53:44
223,223,169.39,169.39,2021-03-13 7:53:44
224,224,822.56,822.56,2021-03-13 7:53:44
225,225,943.92,943.92,2021-03-13 7:53:44
226,226,204.41,204.41,2021-03-13 7:53:44
227,227,95.15,95.15,2021-03-13 7:53:44
228,228,681.22,681.22,2021-03-13 7:53:44
229,229,237.95,237.95,2021-03-13 7:53:44
230,230,510.94,510.94,2021-03-13 7:53:44
231,231,472.83,472.83,2021-03-13 7:53:44
232,232,499,499,2021-03-13 7:53:44
233,233,733.45,733.45,2021-03-13 7:53:44
234,234,527.06,527.06,2021-03-13 7:53:44
235,235,636.61,636.61,2021-03-13 7:53:44
236,236,1132.8,1132.8,2021-03-13 7:53:44
237,237,726.82,726.82,2021-03-13 7:53:44
238,238,275.56,275.56,2021-03-13 7:53:44
239,239,177.21,177.21,2021-03-13 7:53:44
240,240,862.41,862.41,2021-03-13 7:53:44
241,241,786.52,786.52,2021-03-13 7:53:44
242,242,440.24,440.24,2021-03-13 7:53:44
243,243,731.73,731.73,2021-03-13 7:53:44
244,244,1012.49,1012.49,2021-03-13 7:53:44
245,245,442.71,442.71,2021-03-13 7:53:44
246,246,363.23,363.23,2021-03-13 7:53:44
247,247,306.95,306.95,2021-03-13 7:53:44
248,248,631.85,631.85,2021-03-13 7:53:44
249,249,332.32,332.32,2021-03-13 7:53:44
250,250,752.78,752.78,2021-03-13 7:53:44
251,251,147.62,147.62,2021-03-13 7:53:44
252,252,572.81,572.81,2021-03-13 7:53:44
253,253,573.75,573.75,2021-03-13 7:53:44
254,254,133.49,133.49,2021-03-13 7:53:44
255,255,82.66,82.66,2021-03-13 7:53:44
256,256,759,759,2021-03-13 7:53:44
257,257,1172.54,1172.54,2021-03-13 7:53:44
258,258,45.88,45.88,2021-03-13 7:53:44
259,259,259.75,259.75,2021-03-13 7:53:44
260,260,165.79,165.79,2021-03-13 7:53:44
261,261,1385.86,1385.86,2021-03-13 7:53:44
262,262,1387.43,1387.43,2021-03-13 7:53:44
263,263,129.12,129.12,2021-03-13 7:53:44
264,264,890.13,890.13,2021-03-13 7:53:44
265,265,540.57,540.57,2021-03-13 7:53:44
266,266,885.83,885.83,2021-03-13 7:53:44
267,267,938.66,938.66,2021-03-13 7:53:44
268,268,662.53,662.53,2021-03-13 7:53:44
269,269,1022.47,1022.47,2021-03-13 7:53:44
270,270,428.35,428.35,2021-03-13 7:53:44
271,271,284.45,284.45,2021-03-13 7:53:44
272,272,561.1,561.1,2021-03-13 7:53:44
273,273,338.22,338.22,2021-03-13 7:53:44
274,274,948.31,948.31,2021-03-13 7:53:44
275,275,327.59,327.59,2021-03-13 7:53:44
276,276,656.45,656.45,2021-03-13 7:53:44
277,277,448.66,448.66,2021-03-13 7:53:44
278,278,868.24,868.24,2021-03-13 7:53:44
279,279,224.31,224.31,2021-03-13 7:53:44
280,280,777.04,777.04,2021-03-13 7:53:44
281,281,611.92,611.92,2021-03-13 7:53:44
282,282,737.79,737.79,2021-03-13 7:53:44
283,283,812.44,812.44,2021-03-13 7:53:44
284,284,897.17,897.17,2021-03-13 7:53:44
285,285,803.36,803.36,2021-03-13 7:53:44
286,286,771.76,771.76,2021-03-13 7:53:44
287,287,194.98,194.98,2021-03-13 7:53:44
288,288,1105.62,1105.62,2021-03-13 7:53:44
289,289,820.25,820.25,2021-03-13 7:53:44
290,290,1198.08,1198.08,2021-03-13 7:53:44
291,291,666.45,666.45,2021-03-13 7:53:44
292,292,418.4,418.4,2021-03-13 7:53:44
293,293,1081.3,1081.3,2021-03-13 7:53:44
294,294,482.76,482.76,2021-03-13 7:53:44
295,295,156.52,156.52,2021-03-13 7:53:44
296,296,448.65,448.65,2021-03-13 7:53:44
297,297,177.01,177.01,2021-03-13 7:53:44
298,298,177.22,177.22,2021-03-13 7:53:44
299,299,541.62,541.62,2021-03-13 7:53:44
300,300,884.81,884.81,2021-03-13 7:53:44
301,301,220.63,220.63,2021-03-13 7:53:44
302,302,412.38,412.38,2021-03-13 7:53:44
303,303,922.45,922.45,2021-03-13 7:53:44
304,304,253.76,253.76,2021-03-13 7:53:44
305,305,684.64,684.64,2021-03-13 7:53:44
306,306,979.62,979.62,2021-03-13 7:53:44
307,307,1125.94,1125.94,2021-03-13 7:53:44
308,308,903.53,903.53,2021-03-13 7:53:44
309,309,98.33,98.33,2021-03-13 7:53:44
310,310,754.65,754.65,2021-03-13 7:53:44
311,311,218.96,218.96,2021-03-13 7:53:44
312,312,298.38,298.38,2021-03-13 7:53:44
313,313,965.42,965.42,2021-03-13 7:53:44
314,314,224.99,224.99,2021-03-13 7:53:44
315,315,430.3,430.3,2021-03-13 7:53:44
316,316,601.72,601.72,2021-03-13 7:53:44
317,317,806.61,806.61,2021-03-13 7:53:44
318,318,790.07,790.07,2021-03-13 7:53:44
319,319,154.05,154.05,2021-03-13 7:53:44
320,320,325.84,325.84,2021-03-13 7:53:44
321,321,638.42,638.42,2021-03-13 7:53:44
322,322,285.54,285.54,2021-03-13 7:53:44
323,323,73.62,73.62,2021-03-13 7:53:44
324,324,80.78,80.78,2021-03-13 7:53:44
325,325,596.3,596.3,2021-03-13 7:53:44
326,326,837.59,837.59,2021-03-13 7:53:44
327,327,461.78,461.78,2021-03-13 7:53:44
328,328,280.96,280.96,2021-03-13 7:53:44
329,329,891.61,891.61,2021-03-13 7:53:44
330,330,259.23,259.23,2021-03-13 7:53:44
331,331,497.28,497.28,2021-03-13 7:53:44
332,332,140.29,140.29,2021-03-13 7:53:44
333,333,717.36,717.36,2021-03-13 7:53:44
334,334,777.52,777.52,2021-03-13 7:53:44
335,335,648.99,648.99,2021-03-13 7:53:44
336,336,846.04,846.04,2021-03-13 7:53:44
337,337,19.68,19.68,2021-03-13 7:53:44
338,338,567.65,567.65,2021-03-13 7:53:44
339,339,374.5,374.5,2021-03-13 7:53:44
340,340,918.3,918.3,2021-03-13 7:53:44
341,341,1153.24,1153.24,2021-03-13 7:53:44
342,342,569.98,569.98,2021-03-13 7:53:44
343,343,1006.22,1006.22,2021-03-13 7:53:44
344,344,899.32,899.32,2021-03-13 7:53:44
345,345,587.94,587.94,2021-03-13 7:53:44
346,346,802.06,802.06,2021-03-13 7:53:44
347,347,588.69,588.69,2021-03-13 7:53:44
348,348,883.72,883.72,2021-03-13 7:53:44
349,349,229.16,229.16,2021-03-13 7:53:44
350,350,25.3,25.3,2021-03-13 7:53:44
351,351,882.65,882.65,2021-03-13 7:53:44
352,352,660.77,660.77,2021-03-13 7:53:44
353,353,443.31,443.31,2021-03-13 7:53:44
354,354,1007.77,1007.77,2021-03-13 7:53:44
355,355,373.22,373.22,2021-03-13 7:53:44
356,356,579.47,579.47,2021-03-13 7:53:44
357,357,1257.54,1257.54,2021-03-13 7:53:44
358,358,218.71,218.71,2021-03-13 7:53:44
359,359,130.34,130.34,2021-03-13 7:53:44
360,360,957.94,957.94,2021-03-13 7:53:44
361,361,124.67,124.67,2021-03-13 7:53:44
362,362,914.43,914.43,2021-03-13 7:53:44
363,363,574.5,574.5,2021-03-13 7:53:44
364,364,302.7,302.7,2021-03-13 7:53:44
365,365,1025.41,1025.41,2021-03-13 7:53:44
366,366,1140.35,1140.35,2021-03-13 7:53:44
367,367,332.77,332.77,2021-03-13 7:53:44
368,368,503.01,503.01,2021-03-13 7:53:44
369,369,288.65,288.65,2021-03-13 7:53:44
370,370,732.91,732.91,2021-03-13 7:53:44
371,371,388.47,388.47,2021-03-13 7:53:44
372,372,897.4,897.4,2021-03-13 7:53:44
373,373,610,610,2021-03-13 7:53:44
374,374,556.89,556.89,2021-03-13 7:53:44
375,375,287.71,287.71,2021-03-13 7:53:44
376,376,195.24,195.24,2021-03-13 7:53:44
377,377,765.09,765.09,2021-03-13 7:53:44
378,378,486.33,486.33,2021-03-13 7:53:44
379,379,997.67,997.67,2021-03-13 7:53:44
380,380,891.4,891.4,2021-03-13 7:53:44
381,381,408.9,408.9,2021-03-13 7:53:44
382,382,508.42,508.42,2021-03-13 7:53:44
383,383,576.66,576.66,2021-03-13 7:53:44
384,384,669.65,669.65,2021-03-13 7:53:44
385,385,781.43,781.43,2021-03-13 7:53:44
386,386,1239.18,1239.18,2021-03-13 7:53:44
387,387,92.37,92.37,2021-03-13 7:53:44
388,388,311.91,311.91,2021-03-13 7:53:44
389,389,590.7,590.7,2021-03-13 7:53:44
390,390,686.91,686.91,2021-03-13 7:53:44
391,391,657.94,657.94,2021-03-13 7:53:44
392,392,342.5,342.5,2021-03-13 7:53:44
393,393,347.98,347.98,2021-03-13 7:53:44
394,394,101.16,101.16,2021-03-13 7:53:44
395,395,180.06,180.06,2021-03-13 7:53:44
396,396,439.45,439.45,2021-03-13 7:53:44
397,397,974.08,974.08,2021-03-13 7:53:44
398,398,694.36,694.36,2021-03-13 7:53:44
399,399,662.19,662.19,2021-03-13 7:53:44
400,400,1010.12,1010.12,2021-03-13 7:53:44
401,401,1121.79,1121.79,2021-03-13 7:53:44
402,402,363.13,363.13,2021-03-13 7:53:44
403,403,828.11,828.11,2021-03-13 7:53:44
404,404,76.19,76.19,2021-03-13 7:53:44
405,405,867.21,867.21,2021-03-13 7:53:44
406,406,851.28,851.28,2021-03-13 7:53:44
407,407,743.18,743.18,2021-03-13 7:53:44
408,408,954.78,954.78,2021-03-13 7:53:44
409,409,338.12,338.12,2021-03-13 7:53:44
410,410,245.05,245.05,2021-03-13 7:53:44
411,411,248.84,248.84,2021-03-13 7:53:44
412,412,739.63,739.63,2021-03-13 7:53:44
413,413,781.81,781.81,2021-03-13 7:53:44
414,414,385.05,385.05,2021-03-13 7:53:44
415,415,171.04,171.04,2021-03-13 7:53:44
416,416,981.29,981.29,2021-03-13 7:53:44
417,417,463.55,463.55,2021-03-13 7:53:44
418,418,923.41,923.41,2021-03-13 7:53:44
419,419,208.41,208.41,2021-03-13 7:53:44
420,420,484.45,484.45,2021-03-13 7:53:44
421,421,4.82,4.82,2021-03-13 7:53:44
422,422,375.66,375.66,2021-03-13 7:53:44
423,423,470.12,470.12,2021-03-13 7:53:44
424,424,428.07,428.07,2021-03-13 7:53:44
425,425,422.51,422.51,2021-03-13 7:53:44
426,426,677.99,677.99,2021-03-13 7:53:44
427,427,723.84,723.84,2021-03-13 7:53:44
428,428,891.31,891.31,2021-03-13 7:53:44
429,429,788.4,788.4,2021-03-13 7:53:44
430,430,767.77,767.77,2021-03-13 7:53:44
431,431,1194.09,1194.09,2021-03-13 7:53:44
432,432,47.19,47.19,2021-03-13 7:53:44
433,433,943.6,943.6,2021-03-13 7:53:44
434,434,334.95,334.95,2021-03-13 7:53:44
435,435,291.73,291.73,2021-03-13 7:53:44
436,436,413.22,413.22,2021-03-13 7:53:44
437,437,494.69,494.69,2021-03-13 7:53:44
438,438,591.06,591.06,2021-03-13 7:53:44
439,439,1299.32,1299.32,2021-03-13 7:53:44
440,440,759.89,759.89,2021-03-13 7:53:44
441,441,830.56,830.56,2021-03-13 7:53:44
442,442,89.33,89.33,2021-03-13 7:53:44
443,443,260.87,260.87,2021-03-13 7:53:44
444,444,662.74,662.74,2021-03-13 7:53:44
445,445,420.96,420.96,2021-03-13 7:53:44
446,446,908.87,908.87,2021-03-13 7:53:44
447,447,811.06,811.06,2021-03-13 7:53:44
448,448,86.81,86.81,2021-03-13 7:53:44
449,449,310.47,310.47,2021-03-13 7:53:44
450,450,556.21,556.21,2021-03-13 7:53:44
451,451,618.99,618.99,2021-03-13 7:53:44
452,452,925.24,925.24,2021-03-13 7:53:44
453,453,860.87,860.87,2021-03-13 7:53:44
454,454,216.08,216.08,2021-03-13 7:53:44
455,455,480.3,480.3,2021-03-13 7:53:44
456,456,377.12,377.12,2021-03-13 7:53:44
457,457,93.34,93.34,2021-03-13 7:53:44
458,458,725.44,725.44,2021-03-13 7:53:44
459,459,265.03,265.03,2021-03-13 7:53:44
460,460,598.64,598.64,2021-03-13 7:53:44
461,461,981.9,981.9,2021-03-13 7:53:44
462,462,902.73,902.73,2021-03-13 7:53:44
463,463,214.3,214.3,2021-03-13 7:53:44
464,464,733.37,733.37,2021-03-13 7:53:44
465,465,530.38,530.38,2021-03-13 7:53:44
466,466,1052.83,1052.83,2021-03-13 7:53:44
467,467,18.82,18.82,2021-03-13 7:53:44
468,468,304.63,304.63,2021-03-13 7:53:44
469,469,145.74,145.74,2021-03-13 7:53:44
470,470,526.43,526.43,2021-03-13 7:53:44
471,471,163.65,163.65,2021-03-13 7:53:44
472,472,817.2,817.2,2021-03-13 7:53:44
473,473,591.81,591.81,2021-03-13 7:53:44
474,474,366.57,366.57,2021-03-13 7:53:44
475,475,665.9,665.9,2021-03-13 7:53:44
476,476,190.28,190.28,2021-03-13 7:53:44
477,477,967.18,967.18,2021-03-13 7:53:44
478,478,470.7,470.7,2021-03-13 7:53:44
479,479,476.48,476.48,2021-03-13 7:53:44
480,480,20.38,20.38,2021-03-13 7:53:44
481,481,767.9,767.9,2021-03-13 7:53:44
482,482,961.77,961.77,2021-03-13 7:53:44
483,483,540.75,540.75,2021-03-13 7:53:44
484,484,434.62,434.62,2021-03-13 7:53:44
485,485,282.43,282.43,2021-03-13 7:53:44
486,486,1341.41,1341.41,2021-03-13 7:53:44
487,487,764.19,764.19,2021-03-13 7:53:44
488,488,364.06,364.06,2021-03-13 7:53:44
489,489,495.95,495.95,2021-03-13 7:53:44
490,490,886.07,886.07,2021-03-13 7:53:44
491,491,159.95,159.95,2021-03-13 7:53:44
492,492,658.28,658.28,2021-03-13 7:53:44
493,493,1030.01,1030.01,2021-03-13 7:53:44
494,494,207.16,207.16,2021-03-13 7:53:44
495,495,924.3,924.3,2021-03-13 7:53:44
496,496,333.24,333.24,2021-03-13 7:53:44
497,497,1253.45,1253.45,2021-03-13 7:53:44
498,498,168.3,168.3,2021-03-13 7:53:44
499,499,928.43,928.43,2021-03-13 7:53:44
500,500,453.94,453.94,2021-03-13 7:53:44
501,501,612.79,612.79,2021-03-13 7:53:44
502,502,720.96,720.96,2021-03-13 7:53:44
503,503,151.45,151.45,2021-03-13 7:53:44
504,504,476.78,476.78,2021-03-13 7:53:44
505,505,286.81,286.81,2021-03-13 7:53:44
506,506,103.86,103.86,2021-03-13 7:53:44
507,507,208.01,208.01,2021-03-13 7:53:44
508,508,802.4,802.4,2021-03-13 7:53:44
509,509,153.21,153.21,2021-03-13 7:53:44
510,510,280.38,280.38,2021-03-13 7:53:44
511,511,687.27,687.27,2021-03-13 7:53:44
512,512,598.34,598.34,2021-03-13 7:53:44
513,513,773.35,773.35,2021-03-13 7:53:44
514,514,288.72,288.72,2021-03-13 7:53:44
515,515,329.29,329.29,2021-03-13 7:53:44
516,516,6.99,6.99,2021-03-13 7:53:44
517,517,180.29,180.29,2021-03-13 7:53:44
518,518,428.02,428.02,2021-03-13 7:53:44
519,519,43.1,43.1,2021-03-13 7:53:44
520,520,344.24,344.24,2021-03-13 7:53:44
521,521,354.75,354.75,2021-03-13 7:53:44
522,522,362.69,362.69,2021-03-13 7:53:44
523,523,502.19,502.19,2021-03-13 7:53:44
524,524,298.55,298.55,2021-03-13 7:53:44
525,525,277.28,277.28,2021-03-13 7:53:44
526,526,584.92,584.92,2021-03-13 7:53:44
527,527,119.82,119.82,2021-03-13 7:53:44
528,528,300.44,300.44,2021-03-13 7:53:44
529,529,328.46,328.46,2021-03-13 7:53:44
530,530,1002.52,1002.52,2021-03-13 7:53:44
531,531,537.18,537.18,2021-03-13 7:53:44
532,532,1019.55,1019.55,2021-03-13 7:53:44
533,533,686.79,686.79,2021-03-13 7:53:44
534,534,252.43,252.43,2021-03-13 7:53:44
535,535,881.63,881.63,2021-03-13 7:53:44
536,536,461.52,461.52,2021-03-13 7:53:44
537,537,504.73,504.73,2021-03-13 7:53:44
538,538,123.85,123.85,2021-03-13 7:53:44
539,539,922.87,922.87,2021-03-13 7:53:44
540,540,1038.98,1038.98,2021-03-13 7:53:44
541,541,837.78,837.78,2021-03-13 7:53:44
542,542,748.26,748.26,2021-03-13 7:53:44
543,543,210.76,210.76,2021-03-13 7:53:44
544,544,409.25,409.25,2021-03-13 7:53:44
545,545,73.78,73.78,2021-03-13 7:53:44
546,546,225.67,225.67,2021-03-13 7:53:44
547,547,160.51,160.51,2021-03-13 7:53:44
548,548,326.9,326.9,2021-03-13 7:53:44
549,549,541.56,541.56,2021-03-13 7:53:44
550,550,1205.16,1205.16,2021-03-13 7:53:44
551,551,425.12,425.12,2021-03-13 7:53:44
552,552,363.58,363.58,2021-03-13 7:53:44
553,553,236.89,236.89,2021-03-13 7:53:44
554,554,243.45,243.45,2021-03-13 7:53:44
555,555,899.41,899.41,2021-03-13 7:53:44
556,556,18.53,18.53,2021-03-13 7:53:44
557,557,849.21,849.21,2021-03-13 7:53:44
558,558,677.58,677.58,2021-03-13 7:53:44
559,559,946.45,946.45,2021-03-13 7:53:44
560,560,317.33,317.33,2021-03-13 7:53:44
561,561,167.72,167.72,2021-03-13 7:53:44
562,562,792.55,792.55,2021-03-13 7:53:44
563,563,958.68,958.68,2021-03-13 7:53:44
564,564,775.54,775.54,2021-03-13 7:53:44
565,565,428.64,428.64,2021-03-13 7:53:44
566,566,552.74,552.74,2021-03-13 7:53:44
567,567,1036.42,1036.42,2021-03-13 7:53:44
568,568,559.91,559.91,2021-03-13 7:53:44
569,569,501.37,501.37,2021-03-13 7:53:44
570,570,1161.64,1161.64,2021-03-13 7:53:44
571,571,1303.63,1303.63,2021-03-13 7:53:44
572,572,138.57,138.57,2021-03-13 7:53:44
573,573,539.46,539.46,2021-03-13 7:53:44
574,574,820.39,820.39,2021-03-13 7:53:44
575,575,96.9,96.9,2021-03-13 7:53:44
576,576,488.87,488.87,2021-03-13 7:53:44
577,577,247.54,247.54,2021-03-13 7:53:44
578,578,1075.56,1075.56,2021-03-13 7:53:44
579,579,192.79,192.79,2021-03-13 7:53:44
580,580,945.73,945.73,2021-03-13 7:53:44
581,581,85.27,85.27,2021-03-13 7:53:44
582,582,273.14,273.14,2021-03-13 7:53:44
583,583,647.66,647.66,2021-03-13 7:53:44
584,584,775.35,775.35,2021-03-13 7:53:44
585,585,655.29,655.29,2021-03-13 7:53:44
586,586,1026.99,1026.99,2021-03-13 7:53:44
587,587,1220.12,1220.12,2021-03-13 7:53:44
588,588,549.43,549.43,2021-03-13 7:53:44
589,589,672.15,672.15,2021-03-13 7:53:44
590,590,634.37,634.37,2021-03-13 7:53:44
591,591,713.1,713.1,2021-03-13 7:53:44
592,592,293.73,293.73,2021-03-13 7:53:44
593,593,957.8,957.8,2021-03-13 7:53:44
594,594,345.63,345.63,2021-03-13 7:53:44
595,595,38.49,38.49,2021-03-13 7:53:44
596,596,192.29,192.29,2021-03-13 7:53:44
597,597,480.56,480.56,2021-03-13 7:53:44
598,598,861.03,861.03,2021-03-13 7:53:44
599,599,468.77,468.77,2021-03-13 7:53:44
600,600,824.73,824.73,2021-03-13 7:53:44
601,601,593.69,593.69,2021-03-13 7:53:44
602,602,854.03,854.03,2021-03-13 7:53:44
603,603,396.79,396.79,2021-03-13 7:53:44
604,604,801.73,801.73,2021-03-13 7:53:44
605,605,548.71,548.71,2021-03-13 7:53:44
606,606,841.94,841.94,2021-03-13 7:53:44
607,607,301.5,301.5,2021-03-13 7:53:44
608,608,671.51,671.51,2021-03-13 7:53:44
609,609,449.36,449.36,2021-03-13 7:53:44
610,610,367.29,367.29,2021-03-13 7:53:44
611,611,213.81,213.81,2021-03-13 7:53:44
612,612,192.2,192.2,2021-03-13 7:53:44
613,613,389.78,389.78,2021-03-13 7:53:44
614,614,823.76,823.76,2021-03-13 7:53:44
615,615,387.71,387.71,2021-03-13 7:53:44
616,616,426.13,426.13,2021-03-13 7:53:44
617,617,102.09,102.09,2021-03-13 7:53:44
618,618,510.59,510.59,2021-03-13 7:53:44
619,619,359.8,359.8,2021-03-13 7:53:44
620,620,157.15,157.15,2021-03-13 7:53:44
621,621,323.04,323.04,2021-03-13 7:53:44
622,622,192.72,192.72,2021-03-13 7:53:44
623,623,1049.56,1049.56,2021-03-13 7:53:44
624,624,1055.14,1055.14,2021-03-13 7:53:44
625,625,315.58,315.58,2021-03-13 7:53:44
626,626,236.31,236.31,2021-03-13 7:53:44
627,627,145.11,145.11,2021-03-13 7:53:44
628,628,549.02,549.02,2021-03-13 7:53:44
629,629,1346.95,1346.95,2021-03-13 7:53:44
630,630,387.66,387.66,2021-03-13 7:53:44
631,631,927.99,927.99,2021-03-13 7:53:44
632,632,669.77,669.77,2021-03-13 7:53:44
633,633,421.48,421.48,2021-03-13 7:53:44
634,634,81.24,81.24,2021-03-13 7:53:44
635,635,1247.37,1247.37,2021-03-13 7:53:44
636,636,33.77,33.77,2021-03-13 7:53:44
637,637,88.5,88.5,2021-03-13 7:53:44
638,638,903.7,903.7,2021-03-13 7:53:44
639,639,630.31,630.31,2021-03-13 7:53:44
640,640,983.74,983.74,2021-03-13 7:53:44
641,641,1423.49,1423.49,2021-03-13 7:53:44
642,642,699.31,699.31,2021-03-13 7:53:44
643,643,979.85,979.85,2021-03-13 7:53:44
644,644,204.61,204.61,2021-03-13 7:53:44
645,645,64.62,64.62,2021-03-13 7:53:44
646,646,977.43,977.43,2021-03-13 7:53:44
647,647,646.82,646.82,2021-03-13 7:53:44
648,648,86.68,86.68,2021-03-13 7:53:44
649,649,866.17,866.17,2021-03-13 7:53:44
650,650,442.82,442.82,2021-03-13 7:53:44
651,651,346.88,346.88,2021-03-13 7:53:44
652,652,1197.98,1197.98,2021-03-13 7:53:44
653,653,398.63,398.63,2021-03-13 7:53:44
654,654,245.84,245.84,2021-03-13 7:53:44
655,655,493.7,493.7,2021-03-13 7:53:44
656,656,109.21,109.21,2021-03-13 7:53:44
657,657,952.83,952.83,2021-03-13 7:53:44
658,658,575.97,575.97,2021-03-13 7:53:44
659,659,777.87,777.87,2021-03-13 7:53:44
660,660,483.49,483.49,2021-03-13 7:53:44
661,661,931.59,931.59,2021-03-13 7:53:44
662,662,747.59,747.59,2021-03-13 7:53:44
663,663,517.46,517.46,2021-03-13 7:53:44
664,664,734.05,734.05,2021-03-13 7:53:44
665,665,511.81,511.81,2021-03-13 7:53:44
666,666,32.23,32.23,2021-03-13 7:53:44
667,667,296.88,296.88,2021-03-13 7:53:44
668,668,157.49,157.49,2021-03-13 7:53:44
669,669,568.94,568.94,2021-03-13 7:53:44
670,670,858.53,858.53,2021-03-13 7:53:44
671,671,338.88,338.88,2021-03-13 7:53:44
672,672,157.35,157.35,2021-03-13 7:53:44
673,673,549.79,549.79,2021-03-13 7:53:44
674,674,426.96,426.96,2021-03-13 7:53:44
675,675,593.16,593.16,2021-03-13 7:53:44
676,676,730.56,730.56,2021-03-13 7:53:44
677,677,279.77,279.77,2021-03-13 7:53:44
678,678,447.26,447.26,2021-03-13 7:53:44
679,679,160.35,160.35,2021-03-13 7:53:44
680,680,740.01,740.01,2021-03-13 7:53:44
681,681,787.59,787.59,2021-03-13 7:53:44
682,682,98.32,98.32,2021-03-13 7:53:44
683,683,376.7,376.7,2021-03-13 7:53:44
684,684,571.1,571.1,2021-03-13 7:53:44
685,685,51.37,51.37,2021-03-13 7:53:44
686,686,393.62,393.62,2021-03-13 7:53:44
687,687,945.71,945.71,2021-03-13 7:53:44
688,688,610.74,610.74,2021-03-13 7:53:44
689,689,852.74,852.74,2021-03-13 7:53:44
690,690,813.75,813.75,2021-03-13 7:53:44
691,691,574.61,574.61,2021-03-13 7:53:44
692,692,117.41,117.41,2021-03-13 7:53:44
693,693,513.88,513.88,2021-03-13 7:53:44
694,694,396.13,396.13,2021-03-13 7:53:44
695,695,1224.06,1224.06,2021-03-13 7:53:44
696,696,5.81,5.81,2021-03-13 7:53:44
697,697,157.46,157.46,2021-03-13 7:53:44
698,698,373.51,373.51,2021-03-13 7:53:44
699,699,622.46,622.46,2021-03-13 7:53:44
700,700,1092.93,1092.93,2021-03-13 7:53:44
701,701,800.85,800.85,2021-03-13 7:53:44
702,702,24.4,24.4,2021-03-13 7:53:44
703,703,522.27,522.27,2021-03-13 7:53:44
704,704,1012.17,1012.17,2021-03-13 7:53:44
705,705,742.63,742.63,2021-03-13 7:53:44
706,706,110,110,2021-03-13 7:53:44
707,707,546.83,546.83,2021-03-13 7:53:44
708,708,609.86,609.86,2021-03-13 7:53:44
709,709,806.13,806.13,2021-03-13 7:53:44
710,710,749.51,749.51,2021-03-13 7:53:44
711,711,181.7,181.7,2021-03-13 7:53:44
712,712,422.02,422.02,2021-03-13 7:53:44
713,713,266.84,266.84,2021-03-13 7:53:44
714,714,177.23,177.23,2021-03-13 7:53:44
715,715,568.55,568.55,2021-03-13 7:53:44
716,716,451.21,451.21,2021-03-13 7:53:44
717,717,913.37,913.37,2021-03-13 7:53:44
718,718,980.96,980.96,2021-03-13 7:53:44
719,719,842.03,842.03,2021-03-13 7:53:44
720,720,995.52,995.52,2021-03-13 7:53:44
721,721,599.9,599.9,2021-03-13 7:53:44
722,722,386.7,386.7,2021-03-13 7:53:44
723,723,629.02,629.02,2021-03-13 7:53:44
724,724,909.17,909.17,2021-03-13 7:53:44
725,725,649.08,649.08,2021-03-13 7:53:44
726,726,332.49,332.49,2021-03-13 7:53:44
727,727,784.18,784.18,2021-03-13 7:53:44
728,728,304.99,304.99,2021-03-13 7:53:44
729,729,674.4,674.4,2021-03-13 7:53:44
730,730,207.79,207.79,2021-03-13 7:53:44
731,731,344.9,344.9,2021-03-13 7:53:44
732,732,494.46,494.46,2021-03-13 7:53:44
733,733,500.7,500.7,2021-03-13 7:53:44
734,734,794.05,794.05,2021-03-13 7:53:44
735,735,891.88,891.88,2021-03-13 7:53:44
736,736,1314.68,1314.68,2021-03-13 7:53:44
737,737,23.16,23.16,2021-03-13 7:53:44
738,738,166.88,166.88,2021-03-13 7:53:44
739,739,736.47,736.47,2021-03-13 7:53:44
740,740,115.45,115.45,2021-03-13 7:53:44
741,741,643.11,643.11,2021-03-13 7:53:44
742,742,330.92,330.92,2021-03-13 7:53:44
743,743,185.88,185.88,2021-03-13 7:53:44
744,744,740.34,740.34,2021-03-13 7:53:44
745,745,1134.6,1134.6,2021-03-13 7:53:44
746,746,545.23,545.23,2021-03-13 7:53:44
747,747,279.9,279.9,2021-03-13 7:53:44
748,748,1079.53,1079.53,2021-03-13 7:53:44
749,749,281.35,281.35,2021-03-13 7:53:44
750,750,1178.88,1178.88,2021-03-13 7:53:44
751,751,895.95,895.95,2021-03-13 7:53:44
752,752,817.26,817.26,2021-03-13 7:53:44
753,753,166.25,166.25,2021-03-13 7:53:44
754,754,188.33,188.33,2021-03-13 7:53:44
755,755,390.59,390.59,2021-03-13 7:53:44
756,756,310.58,310.58,2021-03-13 7:53:44
757,757,249.71,249.71,2021-03-13 7:53:44
758,758,332.4,332.4,2021-03-13 7:53:44
759,759,102.09,102.09,2021-03-13 7:53:44
760,760,785.2,785.2,2021-03-13 7:53:44
761,761,186.26,186.26,2021-03-13 7:53:44
762,762,911.45,911.45,2021-03-13 7:53:44
763,763,369.03,369.03,2021-03-13 7:53:44
764,764,819.62,819.62,2021-03-13 7:53:44
765,765,487.05,487.05,2021-03-13 7:53:44
766,766,415.6,415.6,2021-03-13 7:53:44
767,767,326.11,326.11,2021-03-13 7:53:44
768,768,675.24,675.24,2021-03-13 7:53:44
769,769,218.39,218.39,2021-03-13 7:53:44
770,770,265.03,265.03,2021-03-13 7:53:44
771,771,915.95,915.95,2021-03-13 7:53:44
772,772,520.37,520.37,2021-03-13 7:53:44
773,773,843.28,843.28,2021-03-13 7:53:44
774,774,296.26,296.26,2021-03-13 7:53:44
775,775,412.52,412.52,2021-03-13 7:53:44
776,776,590.34,590.34,2021-03-13 7:53:44
777,777,266.24,266.24,2021-03-13 7:53:44
778,778,547.31,547.31,2021-03-13 7:53:44
779,779,735.17,735.17,2021-03-13 7:53:44
780,780,32.66,32.66,2021-03-13 7:53:44
781,781,519.82,519.82,2021-03-13 7:53:44
782,782,96.44,96.44,2021-03-13 7:53:44
783,783,944.21,944.21,2021-03-13 7:53:44
784,784,857.5,857.5,2021-03-13 7:53:44
785,785,797.22,797.22,2021-03-13 7:53:44
786,786,315.83,315.83,2021-03-13 7:53:44
787,787,450.49,450.49,2021-03-13 7:53:44
788,788,1152.26,1152.26,2021-03-13 7:53:44
789,789,856.46,856.46,2021-03-13 7:53:44
790,790,466.65,466.65,2021-03-13 7:53:44
791,791,20.49,20.49,2021-03-13 7:53:44
792,792,267.76,267.76,2021-03-13 7:53:44
793,793,729.48,729.48,2021-03-13 7:53:44
794,794,753.45,753.45,2021-03-13 7:53:44
795,795,204.06,204.06,2021-03-13 7:53:44
796,796,605.76,605.76,2021-03-13 7:53:44
797,797,692,692,2021-03-13 7:53:44
798,798,252.69,252.69,2021-03-13 7:53:44
799,799,91.92,91.92,2021-03-13 7:53:44
800,800,1128.67,1128.67,2021-03-13 7:53:44
801,801,128.12,128.12,2021-03-13 7:53:44
802,802,1084.59,1084.59,2021-03-13 7:53:44
803,803,602.25,602.25,2021-03-13 7:53:44
804,804,252.31,252.31,2021-03-13 7:53:44
805,805,861.42,861.42,2021-03-13 7:53:44
806,806,535.85,535.85,2021-03-13 7:53:44
807,807,873.74,873.74,2021-03-13 7:53:44
808,808,194.97,194.97,2021-03-13 7:53:44
809,809,699.35,699.35,2021-03-13 7:53:44
810,810,450.78,450.78,2021-03-13 7:53:44
811,811,317.39,317.39,2021-03-13 7:53:44
812,812,652.5,652.5,2021-03-13 7:53:44
813,813,405.68,405.68,2021-03-13 7:53:44
814,814,803.84,803.84,2021-03-13 7:53:44
815,815,639.07,639.07,2021-03-13 7:53:44
816,816,803.06,803.06,2021-03-13 7:53:44
817,817,476.13,476.13,2021-03-13 7:53:44
818,818,761.31,761.31,2021-03-13 7:53:44
819,819,677.15,677.15,2021-03-13 7:53:44
820,820,760.96,760.96,2021-03-13 7:53:44
821,821,788.14,788.14,2021-03-13 7:53:44
822,822,297.59,297.59,2021-03-13 7:53:44
823,823,664.5,664.5,2021-03-13 7:53:44
824,824,642.28,642.28,2021-03-13 7:53:44
825,825,710.19,710.19,2021-03-13 7:53:44
826,826,623.19,623.19,2021-03-13 7:53:44
827,827,993.92,993.92,2021-03-13 7:53:44
828,828,499.93,499.93,2021-03-13 7:53:44
829,829,76.46,76.46,2021-03-13 7:53:44
830,830,274.24,274.24,2021-03-13 7:53:44
831,831,776.87,776.87,2021-03-13 7:53:44
832,832,656.37,656.37,2021-03-13 7:53:44
833,833,886.21,886.21,2021-03-13 7:53:44
834,834,809.61,809.61,2021-03-13 7:53:44
835,835,418.66,418.66,2021-03-13 7:53:44
836,836,974.41,974.41,2021-03-13 7:53:44
837,837,367.18,367.18,2021-03-13 7:53:44
838,838,571.89,571.89,2021-03-13 7:53:44
839,839,928.61,928.61,2021-03-13 7:53:44
840,840,1021.78,1021.78,2021-03-13 7:53:44
841,841,739.11,739.11,2021-03-13 7:53:44
842,842,421.43,421.43,2021-03-13 7:53:44
843,843,922.07,922.07,2021-03-13 7:53:44
844,844,1291.05,1291.05,2021-03-13 7:53:44
845,845,276.79,276.79,2021-03-13 7:53:44
846,846,26.92,26.92,2021-03-13 7:53:44
847,847,185.93,185.93,2021-03-13 7:53:44
848,848,707.45,707.45,2021-03-13 7:53:44
849,849,772.67,772.67,2021-03-13 7:53:44
850,850,184.42,184.42,2021-03-13 7:53:44
851,851,965.13,965.13,2021-03-13 7:53:44
852,852,555.06,555.06,2021-03-13 7:53:44
853,853,416.91,416.91,2021-03-13 7:53:44
854,854,274.04,274.04,2021-03-13 7:53:44
855,855,302.61,302.61,2021-03-13 7:53:44
856,856,783.76,783.76,2021-03-13 7:53:44
857,857,473.7,473.7,2021-03-13 7:53:44
858,858,546.02,546.02,2021-03-13 7:53:44
859,859,37.58,37.58,2021-03-13 7:53:44
860,860,140.4,140.4,2021-03-13 7:53:44
861,861,530.38,530.38,2021-03-13 7:53:44
862,862,722.44,722.44,2021-03-13 7:53:44
863,863,719.58,719.58,2021-03-13 7:53:44
864,864,900.15,900.15,2021-03-13 7:53:44
865,865,338.31,338.31,2021-03-13 7:53:44
866,866,283.24,283.24,2021-03-13 7:53:44
867,867,173.82,173.82,2021-03-13 7:53:44
868,868,476.85,476.85,2021-03-13 7:53:44
869,869,324.24,324.24,2021-03-13 7:53:44
870,870,981.21,981.21,2021-03-13 7:53:44
871,871,796.53,796.53,2021-03-13 7:53:44
872,872,610.22,610.22,2021-03-13 7:53:44
873,873,574.78,574.78,2021-03-13 7:53:44
874,874,760.38,760.38,2021-03-13 7:53:44
875,875,709.52,709.52,2021-03-13 7:53:44
876,876,452.57,452.57,2021-03-13 7:53:44
877,877,650.27,650.27,2021-03-13 7:53:44
878,878,793.92,793.92,2021-03-13 7:53:44
879,879,52.49,52.49,2021-03-13 7:53:44
880,880,429.05,429.05,2021-03-13 7:53:44
881,881,632.4,632.4,2021-03-13 7:53:44
882,882,715.87,715.87,2021-03-13 7:53:44
883,883,578.82,578.82,2021-03-13 7:53:44
884,884,168.12,168.12,2021-03-13 7:53:44
885,885,777.65,777.65,2021-03-13 7:53:44
886,886,240.27,240.27,2021-03-13 7:53:44
887,887,1114.66,1114.66,2021-03-13 7:53:44
888,888,389.41,389.41,2021-03-13 7:53:44
889,889,413.81,413.81,2021-03-13 7:53:44
890,890,89.64,89.64,2021-03-13 7:53:44
891,891,453.81,453.81,2021-03-13 7:53:44
892,892,800.66,800.66,2021-03-13 7:53:44
893,893,412.7,412.7,2021-03-13 7:53:44
894,894,24.79,24.79,2021-03-13 7:53:44
895,895,148.17,148.17,2021-03-13 7:53:44
896,896,597.78,597.78,2021-03-13 7:53:44
897,897,291.8,291.8,2021-03-13 7:53:44
898,898,894.75,894.75,2021-03-13 7:53:44
899,899,436.33,436.33,2021-03-13 7:53:44
900,900,312.47,312.47,2021-03-13 7:53:44
901,901,769.57,769.57,2021-03-13 7:53:44
902,902,625.31,625.31,2021-03-13 7:53:44
903,903,101.16,101.16,2021-03-13 7:53:44
904,904,749.75,749.75,2021-03-13 7:53:44
905,905,431.47,431.47,2021-03-13 7:53:44
906,906,419.75,419.75,2021-03-13 7:53:44
907,907,168.72,168.72,2021-03-13 7:53:44
908,908,294.75,294.75,2021-03-13 7:53:44
909,909,406.31,406.31,2021-03-13 7:53:44
910,910,564.84,564.84,2021-03-13 7:53:44
911,911,225.77,225.77,2021-03-13 7:53:44
912,912,872.52,872.52,2021-03-13 7:53:44
913,913,907.61,907.61,2021-03-13 7:53:44
914,914,125.17,125.17,2021-03-13 7:53:44
915,915,357.98,357.98,2021-03-13 7:53:44
916,916,591.13,591.13,2021-03-13 7:53:44
917,917,786.27,786.27,2021-03-13 7:53:44
918,918,33.71,33.71,2021-03-13 7:53:44
919,919,550.72,550.72,2021-03-13 7:53:44
920,920,602.46,602.46,2021-03-13 7:53:44
921,921,551.58,551.58,2021-03-13 7:53:44
922,922,340.87,340.87,2021-03-13 7:53:44
923,923,376.73,376.73,2021-03-13 7:53:44
924,924,59.98,59.98,2021-03-13 7:53:44
925,925,693.86,693.86,2021-03-13 7:53:44
926,926,903.43,903.43,2021-03-13 7:53:44
927,927,733.26,733.26,2021-03-13 7:53:44
928,928,709.23,709.23,2021-03-13 7:53:44
929,929,761.39,761.39,2021-03-13 7:53:44
930,930,1115.56,1115.56,2021-03-13 7:53:44
931,931,770.94,770.94,2021-03-13 7:53:44
932,932,254.09,254.09,2021-03-13 7:53:44
933,933,131.61,131.61,2021-03-13 7:53:44
934,934,848.46,848.46,2021-03-13 7:53:44
935,935,569.74,569.74,2021-03-13 7:53:44
936,936,74.33,74.33,2021-03-13 7:53:44
937,937,793.78,793.78,2021-03-13 7:53:44
938,938,40.39,40.39,2021-03-13 7:53:44
939,939,712.02,712.02,2021-03-13 7:53:44
940,940,104.1,104.1,2021-03-13 7:53:44
941,941,557.95,557.95,2021-03-13 7:53:44
942,942,345.82,345.82,2021-03-13 7:53:44
943,943,792.46,792.46,2021-03-13 7:53:44
944,944,239.28,239.28,2021-03-13 7:53:44
945,945,404.97,404.97,2021-03-13 7:53:44
946,946,528.55,528.55,2021-03-13 7:53:44
947,947,955.45,955.45,2021-03-13 7:53:44
948,948,259.15,259.15,2021-03-13 7:53:44
949,949,252.06,252.06,2021-03-13 7:53:44
950,950,1055.07,1055.07,2021-03-13 7:53:44
951,951,538.11,538.11,2021-03-13 7:53:44
952,952,273.53,273.53,2021-03-13 7:53:44
953,953,291.92,291.92,2021-03-13 7:53:44
954,954,883.13,883.13,2021-03-13 7:53:44
955,955,399.78,399.78,2021-03-13 7:53:44
956,956,464.86,464.86,2021-03-13 7:53:44
957,957,1035.25,1035.25,2021-03-13 7:53:44
958,958,503.12,503.12,2021-03-13 7:53:44
959,959,403.13,403.13,2021-03-13 7:53:44
960,960,626.88,626.88,2021-03-13 7:53:44
961,961,1162.73,1162.73,2021-03-13 7:53:44
962,962,53.15,53.15,2021-03-13 7:53:44
963,963,474.42,474.42,2021-03-13 7:53:44
964,964,973.26,973.26,2021-03-13 7:53:44
965,965,716.5,716.5,2021-03-13 7:53:44
966,966,700.96,700.96,2021-03-13 7:53:44
967,967,773.17,773.17,2021-03-13 7:53:44
968,968,513.04,513.04,2021-03-13 7:53:44
969,969,834.28,834.28,2021-03-13 7:53:44
970,970,723.25,723.25,2021-03-13 7:53:44
971,971,1091.39,1091.39,2021-03-13 7:53:44
972,972,459.9,459.9,2021-03-13 7:53:44
973,973,1238.02,1238.02,2021-03-13 7:53:44
974,974,996.41,996.41,2021-03-13 7:53:44
975,975,813.73,813.73,2021-03-13 7:53:44
976,976,470.92,470.92,2021-03-13 7:53:44
977,977,170.16,170.16,2021-03-13 7:53:44
978,978,171.61,171.61,2021-03-13 7:53:44
979,979,711.59,711.59,2021-03-13 7:53:44
980,980,822.78,822.78,2021-03-13 7:53:44
981,981,563.8,563.8,2021-03-13 7:53:44
982,982,929.79,929.79,2021-03-13 7:53:44
983,983,565.27,565.27,2021-03-13 7:53:44
984,984,570.29,570.29,2021-03-13 7:53:44
985,985,1253.17,1253.17,2021-03-13 7:53:44
986,986,873.59,873.59,2021-03-13 7:53:44
987,987,208.21,208.21,2021-03-13 7:53:44
988,988,607.68,607.68,2021-03-13 7:53:44
989,989,734.22,734.22,2021-03-13 7:53:44
990,990,1087.82,1087.82,2021-03-13 7:53:44
991,991,523.66,523.66,2021-03-13 7:53:44
992,992,1006,1006,2021-03-13 7:53:44
993,993,797.34,797.34,2021-03-13 7:53:44
994,994,527.05,527.05,2021-03-13 7:53:44
995,995,639.64,639.64,2021-03-13 7:53:44
996,996,585.81,585.81,2021-03-13 7:53:44
997,997,1101.87,1101.87,2021-03-13 7:53:44
998,998,424.02,424.02,2021-03-13 7:53:44
999,999,212.19,212.19,2021-03-13 7:53:44
1000,1000,637,637,2021-03-13 7:53:44
1001,1001,73.11,73.11,2021-03-13 7:53:44
1002,1002,635.17,635.17,2021-03-13 7:53:44
1003,1003,885.57,885.57,2021-03-13 7:53:44
1004,1004,988.34,988.34,2021-03-13 7:53:44
1005,1005,625.02,625.02,2021-03-13 7:53:44
1006,1006,227.52,227.52,2021-03-13 7:53:44
1007,1007,432.87,432.87,2021-03-13 7:53:44
1008,1008,831.39,831.39,2021-03-13 7:53:44
1009,1009,979.47,979.47,2021-03-13 7:53:44
1010,1010,553.02,553.02,2021-03-13 7:53:44
1011,1011,394.23,394.23,2021-03-13 7:53:44
1012,1012,133.23,133.23,2021-03-13 7:53:44
1013,1013,1179.35,1179.35,2021-03-13 7:53:44
1014,1014,559.03,559.03,2021-03-13 7:53:44
1015,1015,193.6,193.6,2021-03-13 7:53:44
1016,1016,729.69,729.69,2021-03-13 7:53:44
1017,1017,363.84,363.84,2021-03-13 7:53:44
1018,1018,392.01,392.01,2021-03-13 7:53:44
1019,1019,186.12,186.12,2021-03-13 7:53:44
1020,1020,111.93,111.93,2021-03-13 7:53:44
1021,1021,122.56,122.56,2021-03-13 7:53:44
1022,1022,742.71,742.71,2021-03-13 7:53:44
1023,1023,665.3,665.3,2021-03-13 7:53:44
1024,1024,690.71,690.71,2021-03-13 7:53:44
1025,1025,675.19,675.19,2021-03-13 7:53:44
1026,1026,716.64,716.64,2021-03-13 7:53:44
1027,1027,485.9,485.9,2021-03-13 7:53:44
1028,1028,235.13,235.13,2021-03-13 7:53:44
1029,1029,355.38,355.38,2021-03-13 7:53:44
1030,1030,152.61,152.61,2021-03-13 7:53:44
1031,1031,120.73,120.73,2021-03-13 7:53:44
1032,1032,505.6,505.6,2021-03-13 7:53:44
1033,1033,596.61,596.61,2021-03-13 7:53:44
1034,1034,559.02,559.02,2021-03-13 7:53:44
1035,1035,153.62,153.62,2021-03-13 7:53:44
1036,1036,526.73,526.73,2021-03-13 7:53:44
1037,1037,960.44,960.44,2021-03-13 7:53:44
1038,1038,373.53,373.53,2021-03-13 7:53:44
1039,1039,276.18,276.18,2021-03-13 7:53:44
1040,1040,1193.07,1193.07,2021-03-13 7:53:44
1041,1041,841.03,841.03,2021-03-13 7:53:44
1042,1042,146.28,146.28,2021-03-13 7:53:44
1043,1043,365.95,365.95,2021-03-13 7:53:44
1044,1044,679.58,679.58,2021-03-13 7:53:44
1045,1045,1025.38,1025.38,2021-03-13 7:53:44
1046,1046,1060.66,1060.66,2021-03-13 7:53:44
1047,1047,151.76,151.76,2021-03-13 7:53:44
1048,1048,191.53,191.53,2021-03-13 7:53:44
1049,1049,215.72,215.72,2021-03-13 7:53:44
1050,1050,722.04,722.04,2021-03-13 7:53:44
1051,1051,565.05,565.05,2021-03-13 7:53:44
1052,1052,803.98,803.98,2021-03-13 7:53:44
1053,1053,319.66,319.66,2021-03-13 7:53:44
1054,1054,732.56,732.56,2021-03-13 7:53:44
1055,1055,541.63,541.63,2021-03-13 7:53:44
1056,1056,443.6,443.6,2021-03-13 7:53:44
1057,1057,547.74,547.74,2021-03-13 7:53:44
1058,1058,514.96,514.96,2021-03-13 7:53:44
1059,1059,378.47,378.47,2021-03-13 7:53:44
1060,1060,812.32,812.32,2021-03-13 7:53:44
1061,1061,1404.08,1404.08,2021-03-13 7:53:44
1062,1062,590.6,590.6,2021-03-13 7:53:44
1063,1063,763.47,763.47,2021-03-13 7:53:44
1064,1064,531.2,531.2,2021-03-13 7:53:44
1065,1065,285.08,285.08,2021-03-13 7:53:44
1066,1066,552.81,552.81,2021-03-13 7:53:44
1067,1067,157.62,157.62,2021-03-13 7:53:44
1068,1068,282.75,282.75,2021-03-13 7:53:44
1069,1069,204.59,204.59,2021-03-13 7:53:44
1070,1070,494.44,494.44,2021-03-13 7:53:44
1071,1071,854.3,854.3,2021-03-13 7:53:44
1072,1072,208.65,208.65,2021-03-13 7:53:44
1073,1073,526.85,526.85,2021-03-13 7:53:44
1074,1074,384.14,384.14,2021-03-13 7:53:44
1075,1075,198.46,198.46,2021-03-13 7:53:44
1076,1076,556.52,556.52,2021-03-13 7:53:44
1077,1077,184.84,184.84,2021-03-13 7:53:44
1078,1078,119.88,119.88,2021-03-13 7:53:44
1079,1079,846.5,846.5,2021-03-13 7:53:44
1080,1080,529.19,529.19,2021-03-13 7:53:44
1081,1081,1104.7,1104.7,2021-03-13 7:53:44
1082,1082,522.42,522.42,2021-03-13 7:53:44
1083,1083,240.02,240.02,2021-03-13 7:53:44
1084,1084,435.12,435.12,2021-03-13 7:53:44
1085,1085,744.33,744.33,2021-03-13 7:53:44
1086,1086,375.26,375.26,2021-03-13 7:53:44
1087,1087,725,725,2021-03-13 7:53:44
1088,1088,738.28,738.28,2021-03-13 7:53:44
1089,1089,1068.44,1068.44,2021-03-13 7:53:44
1090,1090,1197.97,1197.97,2021-03-13 7:53:44
1091,1091,361.21,361.21,2021-03-13 7:53:44
1092,1092,336.87,336.87,2021-03-13 7:53:44
1093,1093,1053.43,1053.43,2021-03-13 7:53:44
1094,1094,628.56,628.56,2021-03-13 7:53:44
1095,1095,524.36,524.36,2021-03-13 7:53:44
1096,1096,554.92,554.92,2021-03-13 7:53:44
1097,1097,666.4,666.4,2021-03-13 7:53:44
1098,1098,553.99,553.99,2021-03-13 7:53:44
1099,1099,525.22,525.22,2021-03-13 7:53:44
1100,1100,361.87,361.87,2021-03-13 7:53:44
1101,1101,661.94,661.94,2021-03-13 7:53:44
1102,1102,144.96,144.96,2021-03-13 7:53:44
1103,1103,332.94,332.94,2021-03-13 7:53:44
1104,1104,779.02,779.02,2021-03-13 7:53:44
1105,1105,505.64,505.64,2021-03-13 7:53:44
1106,1106,399.32,399.32,2021-03-13 7:53:44
1107,1107,363.28,363.28,2021-03-13 7:53:44
1108,1108,1074.47,1074.47,2021-03-13 7:53:44
1109,1109,615.89,615.89,2021-03-13 7:53:44
1110,1110,376.39,376.39,2021-03-13 7:53:44
1111,1111,573.14,573.14,2021-03-13 7:53:44
1112,1112,495.72,495.72,2021-03-13 7:53:44
1113,1113,349.56,349.56,2021-03-13 7:53:44
1114,1114,940.6,940.6,2021-03-13 7:53:44
1115,1115,582.94,582.94,2021-03-13 7:53:44
1116,1116,711.51,711.51,2021-03-13 7:53:44
1117,1117,344.71,344.71,2021-03-13 7:53:44
1118,1118,451.36,451.36,2021-03-13 7:53:44
1119,1119,28.58,28.58,2021-03-13 7:53:44
1120,1120,614.11,614.11,2021-03-13 7:53:44
1121,1121,810.5,810.5,2021-03-13 7:53:44
1122,1122,501.63,501.63,2021-03-13 7:53:44
1123,1123,170.67,170.67,2021-03-13 7:53:44
1124,1124,361.71,361.71,2021-03-13 7:53:44
1125,1125,370.9,370.9,2021-03-13 7:53:44
1126,1126,739.82,739.82,2021-03-13 7:53:44
1127,1127,616.98,616.98,2021-03-13 7:53:44
1128,1128,1097.5,1097.5,2021-03-13 7:53:44
1129,1129,896.95,896.95,2021-03-13 7:53:44
1130,1130,277.05,277.05,2021-03-13 7:53:44
1131,1131,783.62,783.62,2021-03-13 7:53:44
1132,1132,867.58,867.58,2021-03-13 7:53:44
1133,1133,341.55,341.55,2021-03-13 7:53:44
1134,1134,896.75,896.75,2021-03-13 7:53:44
1135,1135,1129.91,1129.91,2021-03-13 7:53:44
1136,1136,48.41,48.41,2021-03-13 7:53:44
1137,1137,235.47,235.47,2021-03-13 7:53:44
1138,1138,582.56,582.56,2021-03-13 7:53:44
1139,1139,825.04,825.04,2021-03-13 7:53:44
1140,1140,940.1,940.1,2021-03-13 7:53:44
1141,1141,893.24,893.24,2021-03-13 7:53:44
1142,1142,120.54,120.54,2021-03-13 7:53:44
1143,1143,660.96,660.96,2021-03-13 7:53:44
1144,1144,888.5,888.5,2021-03-13 7:53:44
1145,1145,533.74,533.74,2021-03-13 7:53:44
1146,1146,901.96,901.96,2021-03-13 7:53:44
1147,1147,87.27,87.27,2021-03-13 7:53:44
1148,1148,370.49,370.49,2021-03-13 7:53:44
1149,1149,784.02,784.02,2021-03-13 7:53:44
1150,1150,693.87,693.87,2021-03-13 7:53:44
1151,1151,708.66,708.66,2021-03-13 7:53:44
1152,1152,321.94,321.94,2021-03-13 7:53:44
1153,1153,827.75,827.75,2021-03-13 7:53:44
1154,1154,970.4,970.4,2021-03-13 7:53:44
1155,1155,837.25,837.25,2021-03-13 7:53:44
1156,1156,333.41,333.41,2021-03-13 7:53:44
1157,1157,785.67,785.67,2021-03-13 7:53:44
1158,1158,567.48,567.48,2021-03-13 7:53:44
1159,1159,574.01,574.01,2021-03-13 7:53:44
1160,1160,700.03,700.03,2021-03-13 7:53:44
1161,1161,703.06,703.06,2021-03-13 7:53:44
1162,1162,456.85,456.85,2021-03-13 7:53:44
1163,1163,209.2,209.2,2021-03-13 7:53:44
1164,1164,378.74,378.74,2021-03-13 7:53:44
1165,1165,297.86,297.86,2021-03-13 7:53:44
1166,1166,317.97,317.97,2021-03-13 7:53:44
1167,1167,107.76,107.76,2021-03-13 7:53:44
1168,1168,246.86,246.86,2021-03-13 7:53:44
1169,1169,412.25,412.25,2021-03-13 7:53:44
1170,1170,918.25,918.25,2021-03-13 7:53:44
1171,1171,145.95,145.95,2021-03-13 7:53:44
1172,1172,86.28,86.28,2021-03-13 7:53:44
1173,1173,493.6,493.6,2021-03-13 7:53:44
1174,1174,640.63,640.63,2021-03-13 7:53:44
1175,1175,636.88,636.88,2021-03-13 7:53:44
1176,1176,299.84,299.84,2021-03-13 7:53:44
1177,1177,702.59,702.59,2021-03-13 7:53:44
1178,1178,839.26,839.26,2021-03-13 7:53:44
1179,1179,175.78,175.78,2021-03-13 7:53:44
1180,1180,38.03,38.03,2021-03-13 7:53:44
1181,1181,51.13,51.13,2021-03-13 7:53:44
1182,1182,403.16,403.16,2021-03-13 7:53:44
1183,1183,71.61,71.61,2021-03-13 7:53:44
1184,1184,1144.5,1144.5,2021-03-13 7:53:44
1185,1185,621.82,621.82,2021-03-13 7:53:44
1186,1186,670.8,670.8,2021-03-13 7:53:44
1187,1187,1067.8,1067.8,2021-03-13 7:53:44
1188,1188,521.23,521.23,2021-03-13 7:53:44
1189,1189,1141.99,1141.99,2021-03-13 7:53:44
1190,1190,720.63,720.63,2021-03-13 7:53:44
1191,1191,21.95,21.95,2021-03-13 7:53:44
1192,1192,22.02,22.02,2021-03-13 7:53:44
1193,1193,107.36,107.36,2021-03-13 7:53:44
1194,1194,1029.3,1029.3,2021-03-13 7:53:44
1195,1195,374.38,374.38,2021-03-13 7:53:44
1196,1196,119.07,119.07,2021-03-13 7:53:44
1197,1197,429.92,429.92,2021-03-13 7:53:44
1198,1198,263.34,263.34,2021-03-13 7:53:44
1199,1199,1329.84,1329.84,2021-03-13 7:53:44
1200,1200,210.47,210.47,2021-03-13 7:53:44
1201,1201,614.35,614.35,2021-03-13 7:53:44
1202,1202,1031.35,1031.35,2021-03-13 7:53:44
1203,1203,867.22,867.22,2021-03-13 7:53:44
1204,1204,301.4,301.4,2021-03-13 7:53:44
1205,1205,974.36,974.36,2021-03-13 7:53:44
1206,1206,623.05,623.05,2021-03-13 7:53:44
1207,1207,233,233,2021-03-13 7:53:44
1208,1208,630.69,630.69,2021-03-13 7:53:44
1209,1209,1181.93,1181.93,2021-03-13 7:53:44
1210,1210,842.14,842.14,2021-03-13 7:53:44
1211,1211,280.95,280.95,2021-03-13 7:53:44
1212,1212,1219.2,1219.2,2021-03-13 7:53:44
1213,1213,37.01,37.01,2021-03-13 7:53:44
1214,1214,105.13,105.13,2021-03-13 7:53:44
1215,1215,413.98,413.98,2021-03-13 7:53:44
1216,1216,162.47,162.47,2021-03-13 7:53:44
1217,1217,1172.91,1172.91,2021-03-13 7:53:44
1218,1218,163.59,163.59,2021-03-13 7:53:44
1219,1219,873.47,873.47,2021-03-13 7:53:44
1220,1220,694.1,694.1,2021-03-13 7:53:44
1221,1221,373.55,373.55,2021-03-13 7:53:44
1222,1222,256.26,256.26,2021-03-13 7:53:44
1223,1223,634.2,634.2,2021-03-13 7:53:44
1224,1224,581.08,581.08,2021-03-13 7:53:44
1225,1225,813.9,813.9,2021-03-13 7:53:44
1226,1226,597.86,597.86,2021-03-13 7:53:44
1227,1227,1237.5,1237.5,2021-03-13 7:53:44
1228,1228,352.74,352.74,2021-03-13 7:53:44
1229,1229,751.76,751.76,2021-03-13 7:53:44
1230,1230,624,624,2021-03-13 7:53:44
1231,1231,330.13,330.13,2021-03-13 7:53:44
1232,1232,74.36,74.36,2021-03-13 7:53:44
1233,1233,545.91,545.91,2021-03-13 7:53:44
1234,1234,697.65,697.65,2021-03-13 7:53:44
1235,1235,156.97,156.97,2021-03-13 7:53:44
1236,1236,402.92,402.92,2021-03-13 7:53:44
1237,1237,1339.37,1339.37,2021-03-13 7:53:44
1238,1238,964.72,964.72,2021-03-13 7:53:44
1239,1239,262.04,262.04,2021-03-13 7:53:44
1240,1240,1193.35,1193.35,2021-03-13 7:53:44
1241,1241,604.03,604.03,2021-03-13 7:53:44
1242,1242,112.19,112.19,2021-03-13 7:53:44
1243,1243,445.76,445.76,2021-03-13 7:53:44
1244,1244,596.89,596.89,2021-03-13 7:53:44
1245,1245,720.37,720.37,2021-03-13 7:53:44
1246,1246,342.58,342.58,2021-03-13 7:53:44
1247,1247,368.59,368.59,2021-03-13 7:53:44
1248,1248,717.46,717.46,2021-03-13 7:53:44
1249,1249,761.96,761.96,2021-03-13 7:53:44
1250,1250,380.31,380.31,2021-03-13 7:53:44
1251,1251,482.32,482.32,2021-03-13 7:53:44
1252,1252,557.77,557.77,2021-03-13 7:53:44
1253,1253,867.47,867.47,2021-03-13 7:53:44
1254,1254,1570.35,1570.35,2021-03-13 7:53:44
1255,1255,769.57,769.57,2021-03-13 7:53:44
1256,1256,450.96,450.96,2021-03-13 7:53:44
1257,1257,648.62,648.62,2021-03-13 7:53:44
1258,1258,761.22,761.22,2021-03-13 7:53:44
1259,1259,126.8,126.8,2021-03-13 7:53:44
1260,1260,616.03,616.03,2021-03-13 7:53:44
1261,1261,1051.59,1051.59,2021-03-13 7:53:44
1262,1262,880.74,880.74,2021-03-13 7:53:44
1263,1263,242.82,242.82,2021-03-13 7:53:44
1264,1264,311.8,311.8,2021-03-13 7:53:44
1265,1265,862.92,862.92,2021-03-13 7:53:44
1266,1266,1015.97,1015.97,2021-03-13 7:53:44
1267,1267,273.04,273.04,2021-03-13 7:53:44
1268,1268,270.01,270.01,2021-03-13 7:53:44
1269,1269,865.58,865.58,2021-03-13 7:53:44
1270,1270,772.26,772.26,2021-03-13 7:53:44
1271,1271,201.07,201.07,2021-03-13 7:53:44
1272,1272,14.46,14.46,2021-03-13 7:53:44
1273,1273,847.48,847.48,2021-03-13 7:53:44
1274,1274,256.87,256.87,2021-03-13 7:53:44
1275,1275,701.85,701.85,2021-03-13 7:53:44
1276,1276,218.03,218.03,2021-03-13 7:53:44
1277,1277,548.98,548.98,2021-03-13 7:53:44
1278,1278,320.37,320.37,2021-03-13 7:53:44
1279,1279,571.19,571.19,2021-03-13 7:53:44
1280,1280,952.06,952.06,2021-03-13 7:53:44
1281,1281,108.8,108.8,2021-03-13 7:53:44
1282,1282,899.05,899.05,2021-03-13 7:53:44
1283,1283,144.33,144.33,2021-03-13 7:53:44
1284,1284,576.72,576.72,2021-03-13 7:53:44
1285,1285,193.33,193.33,2021-03-13 7:53:44
1286,1286,240.42,240.42,2021-03-13 7:53:44
1287,1287,633.49,633.49,2021-03-13 7:53:44
1288,1288,618.48,618.48,2021-03-13 7:53:44
1289,1289,831.78,831.78,2021-03-13 7:53:44
1290,1290,671.87,671.87,2021-03-13 7:53:44
1291,1291,273.75,273.75,2021-03-13 7:53:44
1292,1292,364.76,364.76,2021-03-13 7:53:44
1293,1293,697.44,697.44,2021-03-13 7:53:44
1294,1294,81.46,81.46,2021-03-13 7:53:44
1295,1295,503.2,503.2,2021-03-13 7:53:44
1296,1296,433.77,433.77,2021-03-13 7:53:44
1297,1297,277.34,277.34,2021-03-13 7:53:44
1298,1298,672.29,672.29,2021-03-13 7:53:44
1299,1299,379.48,379.48,2021-03-13 7:53:44
1300,1300,608.92,608.92,2021-03-13 7:53:44
1301,1301,164.08,164.08,2021-03-13 7:53:44
1302,1302,684.18,684.18,2021-03-13 7:53:44
1303,1303,637.07,637.07,2021-03-13 7:53:44
1304,1304,254.14,254.14,2021-03-13 7:53:44
1305,1305,269.05,269.05,2021-03-13 7:53:44
1306,1306,768.79,768.79,2021-03-13 7:53:44
1307,1307,294.89,294.89,2021-03-13 7:53:44
1308,1308,1011.96,1011.96,2021-03-13 7:53:44
1309,1309,46.48,46.48,2021-03-13 7:53:44
1310,1310,741.98,741.98,2021-03-13 7:53:44
1311,1311,895.09,895.09,2021-03-13 7:53:44
1312,1312,136.04,136.04,2021-03-13 7:53:44
1313,1313,741.55,741.55,2021-03-13 7:53:44
1314,1314,411.56,411.56,2021-03-13 7:53:44
1315,1315,500.55,500.55,2021-03-13 7:53:44
1316,1316,670.89,670.89,2021-03-13 7:53:44
1317,1317,32.27,32.27,2021-03-13 7:53:44
1318,1318,537.63,537.63,2021-03-13 7:53:44
1319,1319,185.05,185.05,2021-03-13 7:53:44
1320,1320,278.7,278.7,2021-03-13 7:53:44
1321,1321,379.55,379.55,2021-03-13 7:53:44
1322,1322,297.74,297.74,2021-03-13 7:53:44
1323,1323,256.86,256.86,2021-03-13 7:53:44
1324,1324,369.54,369.54,2021-03-13 7:53:44
1325,1325,710.08,710.08,2021-03-13 7:53:44
1326,1326,92.47,92.47,2021-03-13 7:53:44
1327,1327,69.81,69.81,2021-03-13 7:53:44
1328,1328,510.28,510.28,2021-03-13 7:53:44
1329,1329,685.09,685.09,2021-03-13 7:53:44
1330,1330,1065.64,1065.64,2021-03-13 7:53:44
1331,1331,854.43,854.43,2021-03-13 7:53:44
1332,1332,8.32,8.32,2021-03-13 7:53:44
1333,1333,1075.53,1075.53,2021-03-13 7:53:44
1334,1334,1093.98,1093.98,2021-03-13 7:53:44
1335,1335,430.95,430.95,2021-03-13 7:53:44
1336,1336,286.08,286.08,2021-03-13 7:53:44
1337,1337,452.24,452.24,2021-03-13 7:53:44
1338,1338,1024.37,1024.37,2021-03-13 7:53:44
1339,1339,175.83,175.83,2021-03-13 7:53:44
1340,1340,150.57,150.57,2021-03-13 7:53:44
1341,1341,343.49,343.49,2021-03-13 7:53:44
1342,1342,133.84,133.84,2021-03-13 7:53:44
1343,1343,25.06,25.06,2021-03-13 7:53:44
1344,1344,214.94,214.94,2021-03-13 7:53:44
1345,1345,506.08,506.08,2021-03-13 7:53:44
1346,1346,516.89,516.89,2021-03-13 7:53:44
1347,1347,453.21,453.21,2021-03-13 7:53:44
1348,1348,988.8,988.8,2021-03-13 7:53:44
1349,1349,133.75,133.75,2021-03-13 7:53:44
1350,1350,590.99,590.99,2021-03-13 7:53:44
1351,1351,823.33,823.33,2021-03-13 7:53:44
1352,1352,143.76,143.76,2021-03-13 7:53:44
1353,1353,866.64,866.64,2021-03-13 7:53:44
1354,1354,396.71,396.71,2021-03-13 7:53:44
1355,1355,752.73,752.73,2021-03-13 7:53:44
1356,1356,281.93,281.93,2021-03-13 7:53:44
1357,1357,911.91,911.91,2021-03-13 7:53:44
1358,1358,470.81,470.81,2021-03-13 7:53:44
1359,1359,669.7,669.7,2021-03-13 7:53:44
1360,1360,266.4,266.4,2021-03-13 7:53:44
1361,1361,562.39,562.39,2021-03-13 7:53:44
1362,1362,248.73,248.73,2021-03-13 7:53:44
1363,1363,897.94,897.94,2021-03-13 7:53:44
1364,1364,467.03,467.03,2021-03-13 7:53:44
1365,1365,1113.15,1113.15,2021-03-13 7:53:44
1366,1366,659.99,659.99,2021-03-13 7:53:44
1367,1367,179.24,179.24,2021-03-13 7:53:44
1368,1368,565.32,565.32,2021-03-13 7:53:44
1369,1369,728.64,728.64,2021-03-13 7:53:44
1370,1370,47.31,47.31,2021-03-13 7:53:44
1371,1371,951.01,951.01,2021-03-13 7:53:44
1372,1372,616.73,616.73,2021-03-13 7:53:44
1373,1373,904.53,904.53,2021-03-13 7:53:44
1374,1374,753.53,753.53,2021-03-13 7:53:44
1375,1375,356.69,356.69,2021-03-13 7:53:44
1376,1376,617.39,617.39,2021-03-13 7:53:44
1377,1377,254.88,254.88,2021-03-13 7:53:44
1378,1378,350.76,350.76,2021-03-13 7:53:44
1379,1379,147.67,147.67,2021-03-13 7:53:44
1380,1380,815.88,815.88,2021-03-13 7:53:44
1381,1381,948.96,948.96,2021-03-13 7:53:44
1382,1382,859.62,859.62,2021-03-13 7:53:44
1383,1383,393.88,393.88,2021-03-13 7:53:44
1384,1384,303.17,303.17,2021-03-13 7:53:44
1385,1385,310.72,310.72,2021-03-13 7:53:44
1386,1386,845.98,845.98,2021-03-13 7:53:44
1387,1387,237.68,237.68,2021-03-13 7:53:44
1388,1388,323.15,323.15,2021-03-13 7:53:44
1389,1389,478.29,478.29,2021-03-13 7:53:44
1390,1390,161.27,161.27,2021-03-13 7:53:44
1391,1391,288.85,288.85,2021-03-13 7:53:44
1392,1392,476.94,476.94,2021-03-13 7:53:44
1393,1393,440.68,440.68,2021-03-13 7:53:44
1394,1394,127.9,127.9,2021-03-13 7:53:44
1395,1395,869.98,869.98,2021-03-13 7:53:44
1396,1396,490.14,490.14,2021-03-13 7:53:44
1397,1397,571.15,571.15,2021-03-13 7:53:44
1398,1398,778.94,778.94,2021-03-13 7:53:44
1399,1399,1247.25,1247.25,2021-03-13 7:53:44
1400,1400,435.04,435.04,2021-03-13 7:53:44
1401,1401,516.46,516.46,2021-03-13 7:53:44
1402,1402,572.72,572.72,2021-03-13 7:53:44
1403,1403,218.97,218.97,2021-03-13 7:53:44
1404,1404,567.76,567.76,2021-03-13 7:53:44
1405,1405,70.79,70.79,2021-03-13 7:53:44
1406,1406,131.26,131.26,2021-03-13 7:53:44
1407,1407,879.66,879.66,2021-03-13 7:53:44
1408,1408,240.09,240.09,2021-03-13 7:53:44
1409,1409,149.64,149.64,2021-03-13 7:53:44
1410,1410,269.72,269.72,2021-03-13 7:53:44
1411,1411,744.39,744.39,2021-03-13 7:53:44
1412,1412,195.11,195.11,2021-03-13 7:53:44
1413,1413,607.95,607.95,2021-03-13 7:53:44
1414,1414,492.47,492.47,2021-03-13 7:53:44
1415,1415,456.77,456.77,2021-03-13 7:53:44
1416,1416,454.13,454.13,2021-03-13 7:53:44
1417,1417,316.96,316.96,2021-03-13 7:53:44
1418,1418,750.36,750.36,2021-03-13 7:53:44
1419,1419,856.51,856.51,2021-03-13 7:53:44
1420,1420,235.53,235.53,2021-03-13 7:53:44
1421,1421,623.37,623.37,2021-03-13 7:53:44
1422,1422,373.23,373.23,2021-03-13 7:53:44
1423,1423,1005.25,1005.25,2021-03-13 7:53:44
1424,1424,1062.02,1062.02,2021-03-13 7:53:44
1425,1425,813.08,813.08,2021-03-13 7:53:44
1426,1426,954.98,954.98,2021-03-13 7:53:44
1427,1427,128.68,128.68,2021-03-13 7:53:44
1428,1428,58.42,58.42,2021-03-13 7:53:44
1429,1429,454.37,454.37,2021-03-13 7:53:44
1430,1430,781.61,781.61,2021-03-13 7:53:44
1431,1431,435.46,435.46,2021-03-13 7:53:44
1432,1432,277.51,277.51,2021-03-13 7:53:44
1433,1433,633.1,633.1,2021-03-13 7:53:44
1434,1434,510.06,510.06,2021-03-13 7:53:44
1435,1435,1113.51,1113.51,2021-03-13 7:53:44
1436,1436,87.42,87.42,2021-03-13 7:53:44
1437,1437,89.68,89.68,2021-03-13 7:53:44
1438,1438,122.53,122.53,2021-03-13 7:53:44
1439,1439,268.32,268.32,2021-03-13 7:53:44
1440,1440,725.27,725.27,2021-03-13 7:53:44
1441,1441,504.13,504.13,2021-03-13 7:53:44
1442,1442,335.4,335.4,2021-03-13 7:53:44
1443,1443,111.05,111.05,2021-03-13 7:53:44
1444,1444,53.15,53.15,2021-03-13 7:53:44
1445,1445,1048.67,1048.67,2021-03-13 7:53:44
1446,1446,708.12,708.12,2021-03-13 7:53:44
1447,1447,187.16,187.16,2021-03-13 7:53:44
1448,1448,538.07,538.07,2021-03-13 7:53:44
1449,1449,996.04,996.04,2021-03-13 7:53:44
1450,1450,426.08,426.08,2021-03-13 7:53:44
1451,1451,288.61,288.61,2021-03-13 7:53:44
1452,1452,974.68,974.68,2021-03-13 7:53:44
1453,1453,120.04,120.04,2021-03-13 7:53:44
1454,1454,29.88,29.88,2021-03-13 7:53:44
1455,1455,380.17,380.17,2021-03-13 7:53:44
1456,1456,451.55,451.55,2021-03-13 7:53:44
1457,1457,125.64,125.64,2021-03-13 7:53:44
1458,1458,761.64,761.64,2021-03-13 7:53:44
1459,1459,1064.2,1064.2,2021-03-13 7:53:44
1460,1460,1182.91,1182.91,2021-03-13 7:53:44
1461,1461,592.24,592.24,2021-03-13 7:53:44
1462,1462,1130.83,1130.83,2021-03-13 7:53:44
1463,1463,430.83,430.83,2021-03-13 7:53:44
1464,1464,733.51,733.51,2021-03-13 7:53:44
1465,1465,634.57,634.57,2021-03-13 7:53:44
1466,1466,414.5,414.5,2021-03-13 7:53:44
1467,1467,709.06,709.06,2021-03-13 7:53:44
1468,1468,175.68,175.68,2021-03-13 7:53:44
1469,1469,142.49,142.49,2021-03-13 7:53:44
1470,1470,457.5,457.5,2021-03-13 7:53:44
1471,1471,25.87,25.87,2021-03-13 7:53:44
1472,1472,938.19,938.19,2021-03-13 7:53:44
1473,1473,705.21,705.21,2021-03-13 7:53:44
1474,1474,89.8,89.8,2021-03-13 7:53:44
1475,1475,1189.54,1189.54,2021-03-13 7:53:44
1476,1476,629.33,629.33,2021-03-13 7:53:44
1477,1477,610.99,610.99,2021-03-13 7:53:44
1478,1478,1352.37,1352.37,2021-03-13 7:53:44
1479,1479,996.4,996.4,2021-03-13 7:53:44
1480,1480,83.33,83.33,2021-03-13 7:53:44
1481,1481,691.45,691.45,2021-03-13 7:53:44
1482,1482,356.18,356.18,2021-03-13 7:53:44
1483,1483,194.72,194.72,2021-03-13 7:53:44
1484,1484,188.65,188.65,2021-03-13 7:53:44
1485,1485,868.04,868.04,2021-03-13 7:53:44
1486,1486,812.45,812.45,2021-03-13 7:53:44
1487,1487,734.56,734.56,2021-03-13 7:53:44
1488,1488,1032.95,1032.95,2021-03-13 7:53:44
1489,1489,453.53,453.53,2021-03-13 7:53:44
1490,1490,521.6,521.6,2021-03-13 7:53:44
1491,1491,390.36,390.36,2021-03-13 7:53:44
1492,1492,585.58,585.58,2021-03-13 7:53:44
1493,1493,584.78,584.78,2021-03-13 7:53:44
1494,1494,436.17,436.17,2021-03-13 7:53:44
1495,1495,379.74,379.74,2021-03-13 7:53:44
1496,1496,814.86,814.86,2021-03-13 7:53:44
1497,1497,367.48,367.48,2021-03-13 7:53:44
1498,1498,207.3,207.3,2021-03-13 7:53:44
1499,1499,799.39,799.39,2021-03-13 7:53:44
1500,1500,421.18,421.18,2021-03-13 7:53:44
1501,1501,109.21,109.21,2021-03-13 7:53:44
1502,1502,253.03,253.03,2021-03-13 7:53:44
1503,1503,804.79,804.79,2021-03-13 7:53:44
1504,1504,58.95,58.95,2021-03-13 7:53:44
1505,1505,777.22,777.22,2021-03-13 7:53:44
1506,1506,766.66,766.66,2021-03-13 7:53:44
1507,1507,233.13,233.13,2021-03-13 7:53:44
1508,1508,751.59,751.59,2021-03-13 7:53:44
1509,1509,284.15,284.15,2021-03-13 7:53:44
1510,1510,140.72,140.72,2021-03-13 7:53:44
1511,1511,688.45,688.45,2021-03-13 7:53:44
1512,1512,530.84,530.84,2021-03-13 7:53:44
1513,1513,119.35,119.35,2021-03-13 7:53:44
1514,1514,438.41,438.41,2021-03-13 7:53:44
1515,1515,489.37,489.37,2021-03-13 7:53:44
1516,1516,1143.12,1143.12,2021-03-13 7:53:44
1517,1517,985.76,985.76,2021-03-13 7:53:44
1518,1518,744.8,744.8,2021-03-13 7:53:44
1519,1519,159.55,159.55,2021-03-13 7:53:44
1520,1520,820.68,820.68,2021-03-13 7:53:44
1521,1521,253.43,253.43,2021-03-13 7:53:44
1522,1522,136.57,136.57,2021-03-13 7:53:44
1523,1523,262.67,262.67,2021-03-13 7:53:44
1524,1524,203.25,203.25,2021-03-13 7:53:44
1525,1525,477.14,477.14,2021-03-13 7:53:44
1526,1526,1040.63,1040.63,2021-03-13 7:53:44
1527,1527,583.56,583.56,2021-03-13 7:53:44
1528,1528,69.09,69.09,2021-03-13 7:53:44
1529,1529,63.87,63.87,2021-03-13 7:53:44
1530,1530,1052.95,1052.95,2021-03-13 7:53:44
1531,1531,695.53,695.53,2021-03-13 7:53:44
1532,1532,407.97,407.97,2021-03-13 7:53:44
1533,1533,1099.12,1099.12,2021-03-13 7:53:44
1534,1534,230.6,230.6,2021-03-13 7:53:44
1535,1535,351.56,351.56,2021-03-13 7:53:44
1536,1536,807.15,807.15,2021-03-13 7:53:44
1537,1537,792.83,792.83,2021-03-13 7:53:44
1538,1538,330.95,330.95,2021-03-13 7:53:44
1539,1539,1464.16,1464.16,2021-03-13 7:53:44
1540,1540,786.88,786.88,2021-03-13 7:53:44
1541,1541,41.2,41.2,2021-03-13 7:53:44
1542,1542,1404,1404,2021-03-13 7:53:44
1543,1543,973.23,973.23,2021-03-13 7:53:44
1544,1544,126.4,126.4,2021-03-13 7:53:44
1545,1545,962.51,962.51,2021-03-13 7:53:44
1546,1546,675.18,675.18,2021-03-13 7:53:44
1547,1547,1078.96,1078.96,2021-03-13 7:53:44
1548,1548,971.69,971.69,2021-03-13 7:53:44
1549,1549,644.06,644.06,2021-03-13 7:53:44
1550,1550,1499.31,1499.31,2021-03-13 7:53:44
1551,1551,45.92,45.92,2021-03-13 7:53:44
1552,1552,1099.51,1099.51,2021-03-13 7:53:44
1553,1553,1179.77,1179.77,2021-03-13 7:53:44
1554,1554,1054.98,1054.98,2021-03-13 7:53:44
1555,1555,819.27,819.27,2021-03-13 7:53:44
1556,1556,315.75,315.75,2021-03-13 7:53:44
1557,1557,1206.78,1206.78,2021-03-13 7:53:44
1558,1558,41.02,41.02,2021-03-13 7:53:44
1559,1559,195.48,195.48,2021-03-13 7:53:44
1560,1560,182.57,182.57,2021-03-13 7:53:44
1561,1561,452.93,452.93,2021-03-13 7:53:44
1562,1562,216.69,216.69,2021-03-13 7:53:44
1563,1563,480.09,480.09,2021-03-13 7:53:44
1564,1564,986.46,986.46,2021-03-13 7:53:44
1565,1565,886.25,886.25,2021-03-13 7:53:44
1566,1566,636.06,636.06,2021-03-13 7:53:44
1567,1567,1000.64,1000.64,2021-03-13 7:53:44
1568,1568,1031.92,1031.92,2021-03-13 7:53:44
1569,1569,272.68,272.68,2021-03-13 7:53:44
1570,1570,1195.12,1195.12,2021-03-13 7:53:44
1571,1571,146.64,146.64,2021-03-13 7:53:44
1572,1572,136.96,136.96,2021-03-13 7:53:44
1573,1573,128.47,128.47,2021-03-13 7:53:44
1574,1574,702.41,702.41,2021-03-13 7:53:44
1575,1575,260.84,260.84,2021-03-13 7:53:44
1576,1576,659.96,659.96,2021-03-13 7:53:44
1577,1577,925.33,925.33,2021-03-13 7:53:44
1578,1578,729.28,729.28,2021-03-13 7:53:44
1579,1579,1056.41,1056.41,2021-03-13 7:53:44
1580,1580,233.22,233.22,2021-03-13 7:53:44
1581,1581,227.18,227.18,2021-03-13 7:53:44
1582,1582,695.73,695.73,2021-03-13 7:53:44
1583,1583,1045.37,1045.37,2021-03-13 7:53:44
1584,1584,446.84,446.84,2021-03-13 7:53:44
1585,1585,757.72,757.72,2021-03-13 7:53:44
1586,1586,602.58,602.58,2021-03-13 7:53:44
1587,1587,983.85,983.85,2021-03-13 7:53:44
1588,1588,659.64,659.64,2021-03-13 7:53:45
1589,1589,980.17,980.17,2021-03-13 7:53:45
1590,1590,383.18,383.18,2021-03-13 7:53:45
1591,1591,793.34,793.34,2021-03-13 7:53:45
1592,1592,470.3,470.3,2021-03-13 7:53:45
1593,1593,220.65,220.65,2021-03-13 7:53:45
1594,1594,346.3,346.3,2021-03-13 7:53:45
1595,1595,301.53,301.53,2021-03-13 7:53:45
1596,1596,805.47,805.47,2021-03-13 7:53:45
1597,1597,662.93,662.93,2021-03-13 7:53:45
1598,1598,731.34,731.34,2021-03-13 7:53:45
1599,1599,173.72,173.72,2021-03-13 7:53:45
1600,1600,372.24,372.24,2021-03-13 7:53:45
1601,1601,636.91,636.91,2021-03-13 7:53:45
1602,1602,309.51,309.51,2021-03-13 7:53:45
1603,1603,882.06,882.06,2021-03-13 7:53:45
1604,1604,731.28,731.28,2021-03-13 7:53:45
1605,1605,156.55,156.55,2021-03-13 7:53:45
1606,1606,496.97,496.97,2021-03-13 7:53:45
1607,1607,382.14,382.14,2021-03-13 7:53:45
1608,1608,523.43,523.43,2021-03-13 7:53:45
1609,1609,394.52,394.52,2021-03-13 7:53:45
1610,1610,205.46,205.46,2021-03-13 7:53:45
1611,1611,916.71,916.71,2021-03-13 7:53:45
1612,1612,142.64,142.64,2021-03-13 7:53:45
1613,1613,79.84,79.84,2021-03-13 7:53:45
1614,1614,123.52,123.52,2021-03-13 7:53:45
1615,1615,220.11,220.11,2021-03-13 7:53:45
1616,1616,303.42,303.42,2021-03-13 7:53:45
1617,1617,633.97,633.97,2021-03-13 7:53:45
1618,1618,1218.6,1218.6,2021-03-13 7:53:45
1619,1619,1017.28,1017.28,2021-03-13 7:53:45
1620,1620,633.74,633.74,2021-03-13 7:53:45
1621,1621,89.55,89.55,2021-03-13 7:53:45
1622,1622,678.43,678.43,2021-03-13 7:53:45
1623,1623,559.78,559.78,2021-03-13 7:53:45
1624,1624,661.9,661.9,2021-03-13 7:53:45
1625,1625,266.57,266.57,2021-03-13 7:53:45
1626,1626,949.79,949.79,2021-03-13 7:53:45
1627,1627,515.53,515.53,2021-03-13 7:53:45
1628,1628,743.2,743.2,2021-03-13 7:53:45
1629,1629,332.32,332.32,2021-03-13 7:53:45
1630,1630,281.13,281.13,2021-03-13 7:53:45
1631,1631,735.24,735.24,2021-03-13 7:53:45
1632,1632,391.61,391.61,2021-03-13 7:53:45
1633,1633,420.25,420.25,2021-03-13 7:53:45
1634,1634,397.12,397.12,2021-03-13 7:53:45
1635,1635,263.19,263.19,2021-03-13 7:53:45
1636,1636,324.21,324.21,2021-03-13 7:53:45
1637,1637,608.2,608.2,2021-03-13 7:53:45
1638,1638,82.04,82.04,2021-03-13 7:53:45
1639,1639,904.7,904.7,2021-03-13 7:53:45
1640,1640,304.81,304.81,2021-03-13 7:53:45
1641,1641,894.2,894.2,2021-03-13 7:53:45
1642,1642,26.64,26.64,2021-03-13 7:53:45
1643,1643,868.78,868.78,2021-03-13 7:53:45
1644,1644,632.63,632.63,2021-03-13 7:53:45
1645,1645,370.59,370.59,2021-03-13 7:53:45
1646,1646,177.25,177.25,2021-03-13 7:53:45
1647,1647,673.92,673.92,2021-03-13 7:53:45
1648,1648,72.83,72.83,2021-03-13 7:53:45
1649,1649,7.56,7.56,2021-03-13 7:53:45
1650,1650,412.72,412.72,2021-03-13 7:53:45
1651,1651,780.37,780.37,2021-03-13 7:53:45
1652,1652,262.08,262.08,2021-03-13 7:53:45
1653,1653,89.89,89.89,2021-03-13 7:53:45
1654,1654,442.3,442.3,2021-03-13 7:53:45
1655,1655,250.74,250.74,2021-03-13 7:53:45
1656,1656,675.38,675.38,2021-03-13 7:53:45
1657,1657,1116.16,1116.16,2021-03-13 7:53:45
1658,1658,480.62,480.62,2021-03-13 7:53:45
1659,1659,1243,1243,2021-03-13 7:53:45
1660,1660,342.25,342.25,2021-03-13 7:53:45
1661,1661,694.33,694.33,2021-03-13 7:53:45
1662,1662,589.44,589.44,2021-03-13 7:53:45
1663,1663,650.97,650.97,2021-03-13 7:53:45
1664,1664,667.36,667.36,2021-03-13 7:53:45
1665,1665,200.14,200.14,2021-03-13 7:53:45
1666,1666,866.7,866.7,2021-03-13 7:53:45
1667,1667,910.14,910.14,2021-03-13 7:53:45
1668,1668,63.38,63.38,2021-03-13 7:53:45
1669,1669,560.52,560.52,2021-03-13 7:53:45
1670,1670,953.74,953.74,2021-03-13 7:53:45
1671,1671,77.4,77.4,2021-03-13 7:53:45
1672,1672,308.19,308.19,2021-03-13 7:53:45
1673,1673,68.31,68.31,2021-03-13 7:53:45
1674,1674,696.03,696.03,2021-03-13 7:53:45
1675,1675,216.9,216.9,2021-03-13 7:53:45
1676,1676,474.51,474.51,2021-03-13 7:53:45
1677,1677,448.42,448.42,2021-03-13 7:53:45
1678,1678,164.76,164.76,2021-03-13 7:53:45
1679,1679,75.34,75.34,2021-03-13 7:53:45
1680,1680,653.1,653.1,2021-03-13 7:53:45
1681,1681,832.39,832.39,2021-03-13 7:53:45
1682,1682,425.23,425.23,2021-03-13 7:53:45
1683,1683,315.41,315.41,2021-03-13 7:53:45
1684,1684,144.89,144.89,2021-03-13 7:53:45
1685,1685,437.37,437.37,2021-03-13 7:53:45
1686,1686,389.43,389.43,2021-03-13 7:53:45
1687,1687,505.51,505.51,2021-03-13 7:53:45
1688,1688,666.88,666.88,2021-03-13 7:53:45
1689,1689,497.25,497.25,2021-03-13 7:53:45
1690,1690,187.67,187.67,2021-03-13 7:53:45
1691,1691,827.11,827.11,2021-03-13 7:53:45
1692,1692,475.95,475.95,2021-03-13 7:53:45
1693,1693,121.48,121.48,2021-03-13 7:53:45
1694,1694,362.19,362.19,2021-03-13 7:53:45
1695,1695,178.31,178.31,2021-03-13 7:53:45
1696,1696,171.12,171.12,2021-03-13 7:53:45
1697,1697,358.11,358.11,2021-03-13 7:53:45
1698,1698,354.45,354.45,2021-03-13 7:53:45
1699,1699,175.53,175.53,2021-03-13 7:53:45
1700,1700,57.52,57.52,2021-03-13 7:53:45
1701,1701,207.51,207.51,2021-03-13 7:53:45
1702,1702,700.56,700.56,2021-03-13 7:53:45
1703,1703,532.6,532.6,2021-03-13 7:53:45
1704,1704,357.21,357.21,2021-03-13 7:53:45
1705,1705,490.46,490.46,2021-03-13 7:53:45
1706,1706,655.91,655.91,2021-03-13 7:53:45
1707,1707,431.25,431.25,2021-03-13 7:53:45
1708,1708,917.76,917.76,2021-03-13 7:53:45
1709,1709,86.72,86.72,2021-03-13 7:53:45
1710,1710,548.14,548.14,2021-03-13 7:53:45
1711,1711,1140.49,1140.49,2021-03-13 7:53:45
1712,1712,1012.16,1012.16,2021-03-13 7:53:45
1713,1713,632.53,632.53,2021-03-13 7:53:45
1714,1714,614.99,614.99,2021-03-13 7:53:45
1715,1715,1125.34,1125.34,2021-03-13 7:53:45
1716,1716,272.91,272.91,2021-03-13 7:53:45
1717,1717,141.48,141.48,2021-03-13 7:53:45
1718,1718,1057.07,1057.07,2021-03-13 7:53:45
1719,1719,576.35,576.35,2021-03-13 7:53:45
1720,1720,1342.77,1342.77,2021-03-13 7:53:45
1721,1721,1150.64,1150.64,2021-03-13 7:53:45
1722,1722,905.69,905.69,2021-03-13 7:53:45
1723,1723,456.15,456.15,2021-03-13 7:53:45
1724,1724,982.97,982.97,2021-03-13 7:53:45
1725,1725,531.77,531.77,2021-03-13 7:53:45
1726,1726,349.46,349.46,2021-03-13 7:53:45
1727,1727,553.17,553.17,2021-03-13 7:53:45
1728,1728,517.02,517.02,2021-03-13 7:53:45
1729,1729,1101.44,1101.44,2021-03-13 7:53:45
1730,1730,1171.56,1171.56,2021-03-13 7:53:45
1731,1731,515.18,515.18,2021-03-13 7:53:45
1732,1732,745.35,745.35,2021-03-13 7:53:45
1733,1733,271.45,271.45,2021-03-13 7:53:45
1734,1734,926.42,926.42,2021-03-13 7:53:45
1735,1735,796.3,796.3,2021-03-13 7:53:45
1736,1736,397.13,397.13,2021-03-13 7:53:45
1737,1737,932.71,932.71,2021-03-13 7:53:45
1738,1738,913.63,913.63,2021-03-13 7:53:45
1739,1739,100.81,100.81,2021-03-13 7:53:45
1740,1740,915.31,915.31,2021-03-13 7:53:45
1741,1741,574.77,574.77,2021-03-13 7:53:45
1742,1742,127.6,127.6,2021-03-13 7:53:45
1743,1743,796.75,796.75,2021-03-13 7:53:45
1744,1744,960.42,960.42,2021-03-13 7:53:45
1745,1745,456.48,456.48,2021-03-13 7:53:45
1746,1746,528.82,528.82,2021-03-13 7:53:45
1747,1747,1056.56,1056.56,2021-03-13 7:53:45
1748,1748,567.09,567.09,2021-03-13 7:53:45
1749,1749,463.26,463.26,2021-03-13 7:53:45
1750,1750,475.71,475.71,2021-03-13 7:53:45
1751,1751,870.53,870.53,2021-03-13 7:53:45
1752,1752,324.11,324.11,2021-03-13 7:53:45
1753,1753,227.84,227.84,2021-03-13 7:53:45
1754,1754,428.75,428.75,2021-03-13 7:53:45
1755,1755,151.37,151.37,2021-03-13 7:53:45
1756,1756,491.4,491.4,2021-03-13 7:53:45
1757,1757,775.66,775.66,2021-03-13 7:53:45
1758,1758,948.39,948.39,2021-03-13 7:53:45
1759,1759,808.29,808.29,2021-03-13 7:53:45
1760,1760,150.34,150.34,2021-03-13 7:53:45
1761,1761,29.28,29.28,2021-03-13 7:53:45
1762,1762,390,390,2021-03-13 7:53:45
1763,1763,884.94,884.94,2021-03-13 7:53:45
1764,1764,405.36,405.36,2021-03-13 7:53:45
1765,1765,106.48,106.48,2021-03-13 7:53:45
1766,1766,178.16,178.16,2021-03-13 7:53:45
1767,1767,517.54,517.54,2021-03-13 7:53:45
1768,1768,418.67,418.67,2021-03-13 7:53:45
1769,1769,702.31,702.31,2021-03-13 7:53:45
1770,1770,675.56,675.56,2021-03-13 7:53:45
1771,1771,365.22,365.22,2021-03-13 7:53:45
1772,1772,1008.73,1008.73,2021-03-13 7:53:45
1773,1773,823.26,823.26,2021-03-13 7:53:45
1774,1774,755.01,755.01,2021-03-13 7:53:45
1775,1775,745.18,745.18,2021-03-13 7:53:45
1776,1776,379.96,379.96,2021-03-13 7:53:45
1777,1777,251.16,251.16,2021-03-13 7:53:45
1778,1778,702.66,702.66,2021-03-13 7:53:45
1779,1779,722.59,722.59,2021-03-13 7:53:45
1780,1780,947.96,947.96,2021-03-13 7:53:45
1781,1781,796.31,796.31,2021-03-13 7:53:45
1782,1782,700.36,700.36,2021-03-13 7:53:45
1783,1783,328.96,328.96,2021-03-13 7:53:45
1784,1784,733.93,733.93,2021-03-13 7:53:45
1785,1785,1070.04,1070.04,2021-03-13 7:53:45
1786,1786,292.21,292.21,2021-03-13 7:53:45
1787,1787,414.56,414.56,2021-03-13 7:53:45
1788,1788,269.57,269.57,2021-03-13 7:53:45
1789,1789,125.93,125.93,2021-03-13 7:53:45
1790,1790,554.53,554.53,2021-03-13 7:53:45
1791,1791,1000.04,1000.04,2021-03-13 7:53:45
1792,1792,242.55,242.55,2021-03-13 7:53:45
1793,1793,862.66,862.66,2021-03-13 7:53:45
1794,1794,1093.14,1093.14,2021-03-13 7:53:45
1795,1795,728.29,728.29,2021-03-13 7:53:45
1796,1796,1293.25,1293.25,2021-03-13 7:53:45
1797,1797,637.57,637.57,2021-03-13 7:53:45
1798,1798,869.81,869.81,2021-03-13 7:53:45
1799,1799,1049.33,1049.33,2021-03-13 7:53:45
1800,1800,535.24,535.24,2021-03-13 7:53:45
1801,1801,932.91,932.91,2021-03-13 7:53:45
1802,1802,207.89,207.89,2021-03-13 7:53:45
1803,1803,141.16,141.16,2021-03-13 7:53:45
1804,1804,806.42,806.42,2021-03-13 7:53:45
1805,1805,999.3,999.3,2021-03-13 7:53:45
1806,1806,650.05,650.05,2021-03-13 7:53:45
1807,1807,1353.51,1353.51,2021-03-13 7:53:45
1808,1808,628.81,628.81,2021-03-13 7:53:45
1809,1809,230.49,230.49,2021-03-13 7:53:45
1810,1810,836.95,836.95,2021-03-13 7:53:45
1811,1811,549.86,549.86,2021-03-13 7:53:45
1812,1812,956.9,956.9,2021-03-13 7:53:45
1813,1813,20.85,20.85,2021-03-13 7:53:45
1814,1814,1019.42,1019.42,2021-03-13 7:53:45
1815,1815,409.76,409.76,2021-03-13 7:53:45
1816,1816,997.82,997.82,2021-03-13 7:53:45
1817,1817,281.73,281.73,2021-03-13 7:53:45
1818,1818,262.57,262.57,2021-03-13 7:53:45
1819,1819,946.47,946.47,2021-03-13 7:53:45
1820,1820,491.2,491.2,2021-03-13 7:53:45
1821,1821,1037.5,1037.5,2021-03-13 7:53:45
1822,1822,635.4,635.4,2021-03-13 7:53:45
1823,1823,510.57,510.57,2021-03-13 7:53:45
1824,1824,625.42,625.42,2021-03-13 7:53:45
1825,1825,844.29,844.29,2021-03-13 7:53:45
1826,1826,554.08,554.08,2021-03-13 7:53:45
1827,1827,238.93,238.93,2021-03-13 7:53:45
1828,1828,573.95,573.95,2021-03-13 7:53:45
1829,1829,391.15,391.15,2021-03-13 7:53:45
1830,1830,312.92,312.92,2021-03-13 7:53:45
1831,1831,981.54,981.54,2021-03-13 7:53:45
1832,1832,140.56,140.56,2021-03-13 7:53:45
1833,1833,363.49,363.49,2021-03-13 7:53:45
1834,1834,278,278,2021-03-13 7:53:45
1835,1835,458.85,458.85,2021-03-13 7:53:45
1836,1836,918.74,918.74,2021-03-13 7:53:45
1837,1837,1257.78,1257.78,2021-03-13 7:53:45
1838,1838,674.57,674.57,2021-03-13 7:53:45
1839,1839,455,455,2021-03-13 7:53:45
1840,1840,615.87,615.87,2021-03-13 7:53:45
1841,1841,320.59,320.59,2021-03-13 7:53:45
1842,1842,1315.1,1315.1,2021-03-13 7:53:45
1843,1843,343.07,343.07,2021-03-13 7:53:45
1844,1844,302.75,302.75,2021-03-13 7:53:45
1845,1845,718.17,718.17,2021-03-13 7:53:45
1846,1846,638.17,638.17,2021-03-13 7:53:45
1847,1847,52.32,52.32,2021-03-13 7:53:45
1848,1848,534.31,534.31,2021-03-13 7:53:45
1849,1849,1101.14,1101.14,2021-03-13 7:53:45
1850,1850,605.97,605.97,2021-03-13 7:53:45
1851,1851,338.17,338.17,2021-03-13 7:53:45
1852,1852,960.12,960.12,2021-03-13 7:53:45
1853,1853,732.72,732.72,2021-03-13 7:53:45
1854,1854,448.48,448.48,2021-03-13 7:53:45
1855,1855,802.48,802.48,2021-03-13 7:53:45
1856,1856,304.88,304.88,2021-03-13 7:53:45
1857,1857,1128.94,1128.94,2021-03-13 7:53:45
1858,1858,733.98,733.98,2021-03-13 7:53:45
1859,1859,386.17,386.17,2021-03-13 7:53:45
1860,1860,548.68,548.68,2021-03-13 7:53:45
1861,1861,225.36,225.36,2021-03-13 7:53:45
1862,1862,686.71,686.71,2021-03-13 7:53:45
1863,1863,13.16,13.16,2021-03-13 7:53:45
1864,1864,215.38,215.38,2021-03-13 7:53:45
1865,1865,309.61,309.61,2021-03-13 7:53:45
1866,1866,543.12,543.12,2021-03-13 7:53:45
1867,1867,182.8,182.8,2021-03-13 7:53:45
1868,1868,1242.44,1242.44,2021-03-13 7:53:45
1869,1869,227.44,227.44,2021-03-13 7:53:45
1870,1870,693.37,693.37,2021-03-13 7:53:45
1871,1871,588.6,588.6,2021-03-13 7:53:45
1872,1872,630.58,630.58,2021-03-13 7:53:45
1873,1873,726.83,726.83,2021-03-13 7:53:45
1874,1874,812.42,812.42,2021-03-13 7:53:45
1875,1875,428.49,428.49,2021-03-13 7:53:45
1876,1876,955.02,955.02,2021-03-13 7:53:45
1877,1877,752.47,752.47,2021-03-13 7:53:45
1878,1878,1163.31,1163.31,2021-03-13 7:53:45
1879,1879,315.94,315.94,2021-03-13 7:53:45
1880,1880,44.09,44.09,2021-03-13 7:53:45
1881,1881,795.09,795.09,2021-03-13 7:53:45
1882,1882,1050.26,1050.26,2021-03-13 7:53:45
1883,1883,285.23,285.23,2021-03-13 7:53:45
1884,1884,407.35,407.35,2021-03-13 7:53:45
1885,1885,137.81,137.81,2021-03-13 7:53:45
1886,1886,417.83,417.83,2021-03-13 7:53:45
1887,1887,376,376,2021-03-13 7:53:45
1888,1888,661.37,661.37,2021-03-13 7:53:45
1889,1889,1060.78,1060.78,2021-03-13 7:53:45
1890,1890,359.82,359.82,2021-03-13 7:53:45
1891,1891,557.43,557.43,2021-03-13 7:53:45
1892,1892,120.1,120.1,2021-03-13 7:53:45
1893,1893,867.68,867.68,2021-03-13 7:53:45
1894,1894,583.3,583.3,2021-03-13 7:53:45
1895,1895,657.64,657.64,2021-03-13 7:53:45
1896,1896,264.12,264.12,2021-03-13 7:53:45
1897,1897,1034.07,1034.07,2021-03-13 7:53:45
1898,1898,598.33,598.33,2021-03-13 7:53:45
1899,1899,1004.78,1004.78,2021-03-13 7:53:45
1900,1900,292.1,292.1,2021-03-13 7:53:45
1901,1901,818.3,818.3,2021-03-13 7:53:45
1902,1902,112.91,112.91,2021-03-13 7:53:45
1903,1903,452.86,452.86,2021-03-13 7:53:45
1904,1904,779.66,779.66,2021-03-13 7:53:45
1905,1905,418.61,418.61,2021-03-13 7:53:45
1906,1906,144.05,144.05,2021-03-13 7:53:45
1907,1907,215.43,215.43,2021-03-13 7:53:45
1908,1908,510.96,510.96,2021-03-13 7:53:45
1909,1909,436.97,436.97,2021-03-13 7:53:45
1910,1910,946.38,946.38,2021-03-13 7:53:45
1911,1911,933.02,933.02,2021-03-13 7:53:45
1912,1912,51.09,51.09,2021-03-13 7:53:45
1913,1913,723.5,723.5,2021-03-13 7:53:45
1914,1914,768.03,768.03,2021-03-13 7:53:45
1915,1915,155.78,155.78,2021-03-13 7:53:45
1916,1916,1201.97,1201.97,2021-03-13 7:53:45
1917,1917,314.32,314.32,2021-03-13 7:53:45
1918,1918,339.21,339.21,2021-03-13 7:53:45
1919,1919,1086.95,1086.95,2021-03-13 7:53:45
1920,1920,181.74,181.74,2021-03-13 7:53:45
1921,1921,452.52,452.52,2021-03-13 7:53:45
1922,1922,398.64,398.64,2021-03-13 7:53:45
1923,1923,620.9,620.9,2021-03-13 7:53:45
1924,1924,483.26,483.26,2021-03-13 7:53:45
1925,1925,301.36,301.36,2021-03-13 7:53:45
1926,1926,553.58,553.58,2021-03-13 7:53:45
1927,1927,130.18,130.18,2021-03-13 7:53:45
1928,1928,971.01,971.01,2021-03-13 7:53:45
1929,1929,443.19,443.19,2021-03-13 7:53:45
1930,1930,155.33,155.33,2021-03-13 7:53:45
1931,1931,318.8,318.8,2021-03-13 7:53:45
1932,1932,64.07,64.07,2021-03-13 7:53:45
1933,1933,669.34,669.34,2021-03-13 7:53:45
1934,1934,201.73,201.73,2021-03-13 7:53:45
1935,1935,360.01,360.01,2021-03-13 7:53:45
1936,1936,940.28,940.28,2021-03-13 7:53:45
1937,1937,458.71,458.71,2021-03-13 7:53:45
1938,1938,336.37,336.37,2021-03-13 7:53:45
1939,1939,200.4,200.4,2021-03-13 7:53:45
1940,1940,548.86,548.86,2021-03-13 7:53:45
1941,1941,883.94,883.94,2021-03-13 7:53:45
1942,1942,1059.66,1059.66,2021-03-13 7:53:45
1943,1943,1227.06,1227.06,2021-03-13 7:53:45
1944,1944,171.34,171.34,2021-03-13 7:53:45
1945,1945,420.32,420.32,2021-03-13 7:53:45
1946,1946,445.75,445.75,2021-03-13 7:53:45
1947,1947,324.67,324.67,2021-03-13 7:53:45
1948,1948,636.37,636.37,2021-03-13 7:53:45
1949,1949,450.07,450.07,2021-03-13 7:53:45
1950,1950,1111.4,1111.4,2021-03-13 7:53:45
1951,1951,778.95,778.95,2021-03-13 7:53:45
1952,1952,401.75,401.75,2021-03-13 7:53:45
1953,1953,627.03,627.03,2021-03-13 7:53:45
1954,1954,924.89,924.89,2021-03-13 7:53:45
1955,1955,798.61,798.61,2021-03-13 7:53:45
1956,1956,627.84,627.84,2021-03-13 7:53:45
1957,1957,621.29,621.29,2021-03-13 7:53:45
1958,1958,435.03,435.03,2021-03-13 7:53:45
1959,1959,667.79,667.79,2021-03-13 7:53:45
1960,1960,945.96,945.96,2021-03-13 7:53:45
1961,1961,176.3,176.3,2021-03-13 7:53:45
1962,1962,776.69,776.69,2021-03-13 7:53:45
1963,1963,191.33,191.33,2021-03-13 7:53:45
1964,1964,870.11,870.11,2021-03-13 7:53:45
1965,1965,533.77,533.77,2021-03-13 7:53:45
1966,1966,1020.63,1020.63,2021-03-13 7:53:45
1967,1967,690.19,690.19,2021-03-13 7:53:45
1968,1968,399.39,399.39,2021-03-13 7:53:45
1969,1969,175.24,175.24,2021-03-13 7:53:45
1970,1970,529.79,529.79,2021-03-13 7:53:45
1971,1971,688.18,688.18,2021-03-13 7:53:45
1972,1972,87.1,87.1,2021-03-13 7:53:45
1973,1973,728.18,728.18,2021-03-13 7:53:45
1974,1974,576.45,576.45,2021-03-13 7:53:45
1975,1975,883.97,883.97,2021-03-13 7:53:45
1976,1976,927.39,927.39,2021-03-13 7:53:45
1977,1977,247.51,247.51,2021-03-13 7:53:45
1978,1978,445,445,2021-03-13 7:53:45
1979,1979,798.41,798.41,2021-03-13 7:53:45
1980,1980,529.39,529.39,2021-03-13 7:53:45
1981,1981,423.75,423.75,2021-03-13 7:53:45
1982,1982,210.58,210.58,2021-03-13 7:53:45
1983,1983,633.62,633.62,2021-03-13 7:53:45
1984,1984,985.63,985.63,2021-03-13 7:53:45
1985,1985,596.96,596.96,2021-03-13 7:53:45
1986,1986,816.31,816.31,2021-03-13 7:53:45
1987,1987,434.55,434.55,2021-03-13 7:53:45
1988,1988,672.16,672.16,2021-03-13 7:53:45
1989,1989,1141.79,1141.79,2021-03-13 7:53:45
1990,1990,1059.34,1059.34,2021-03-13 7:53:45
1991,1991,554.87,554.87,2021-03-13 7:53:45
1992,1992,264.17,264.17,2021-03-13 7:53:45
1993,1993,395.72,395.72,2021-03-13 7:53:45
1994,1994,1101.9,1101.9,2021-03-13 7:53:45
1995,1995,599.78,599.78,2021-03-13 7:53:45
1996,1996,298.33,298.33,2021-03-13 7:53:45
1997,1997,203.2,203.2,2021-03-13 7:53:45
1998,1998,270.12,270.12,2021-03-13 7:53:45
1999,1999,628.71,628.71,2021-03-13 7:53:45
2000,2000,659.25,659.25,2021-03-13 7:53:45