1,1,5,60,434.35,2020-04-13,2018-11-19
2,2,2,60,1010.87,2018-12-28,2020-02-14
3,3,4,60,578.36,2020-05-02,2019-09-24
4,4,2,60,420.71,2019-05-16,2017-10-19
5,5,4,60,88.05,2017-05-12,2017-04-26
6,6,3,60,735.75,2019-12-17,2020-10-16
7,7,5,60,695.7,2017-09-03,2020-11-11
8,8,4,60,843.48,2018-01-16,2020-09-20
9,9,1,60,336.33,2019-02-27,2018-06-17
10,10,3,60,40.41,2020-07-17,2018-02-26
11,11,1,60,588.3,2018-02-02,2019-09-29
12,12,2,60,151.77,2020-08-28,2020-11-15
13,13,1,60,641.56,2020-12-23,2018-01-03
14,14,5,60,563.1,2018-06-08,2019-08-02
15,15,5,60,347.74,2020-11-12,2017-08-07
16,16,1,60,963.72,2019-11-15,2019-07-02
17,17,1,60,763.74,2019-07-29,2019-04-14
18,18,3,60,1117.39,2020-01-28,2020-10-09
19,19,4,60,657.8,2019-05-04,2019-03-14
20,20,1,60,357.42,2020-10-26,2019-03-09
21,21,5,60,974.17,2017-05-29,2019-11-29
22,22,2,60,871.18,2018-11-06,2019-08-19
23,23,1,60,349.59,2017-05-09,2017-11-09
24,24,1,60,190.75,2019-09-28,2019-01-03
25,25,4,60,791.25,2019-07-30,2018-09-05
26,26,2,60,267.17,2017-11-13,2020-10-14
27,27,4,60,634.99,2018-09-12,2019-02-09
28,28,1,60,853.37,2018-09-06,2019-11-17
29,29,5,60,961.79,2017-07-06,2019-04-21
30,30,1,60,1265.34,2019-02-12,2017-01-28
31,31,4,60,721.99,2018-01-05,2019-08-15
32,32,2,60,342.73,2017-08-26,2020-04-23
33,33,5,60,657.11,2020-09-10,2017-01-01
34,34,2,60,413.3,2017-07-09,2017-12-24
35,35,3,60,212.44,2020-04-23,2019-07-28
36,36,3,60,150.4,2019-06-21,2018-12-07
37,37,1,60,963.04,2018-05-29,2019-07-01
38,38,4,60,877.6,2020-01-05,2017-03-25
39,39,4,60,998.84,2019-08-08,2018-11-02
40,40,3,60,270.15,2020-11-21,2019-09-06
41,41,2,60,345.27,2018-08-01,2017-02-14
42,42,2,60,862.34,2017-07-08,2018-06-01
43,43,5,60,131.13,2018-02-23,2019-05-02
44,44,4,60,593.77,2020-06-28,2019-12-12
45,45,1,60,816.21,2017-10-31,2020-01-22
46,46,5,60,637.64,2020-11-24,2020-07-15
47,47,5,60,530.74,2018-03-02,2019-05-26
48,48,1,60,815.05,2018-07-30,2018-09-27
49,49,2,60,837.13,2018-09-05,2017-03-06
50,50,1,60,442.98,2019-08-24,2017-02-10
51,51,5,60,1113.3,2017-09-16,2020-09-30
52,52,1,60,1070.96,2018-09-14,2020-09-27
53,53,4,60,660.53,2020-01-21,2018-06-18
54,54,1,60,85.94,2020-04-27,2017-03-30
55,55,1,60,1126.62,2020-07-27,2020-05-20
56,56,5,60,753.49,2018-07-16,2018-12-19
57,57,3,60,616.17,2018-11-28,2019-06-15
58,58,2,60,610.16,2018-02-06,2019-05-16
59,59,2,60,1228.24,2020-02-26,2020-11-22
60,60,3,60,155.95,2020-02-29,2019-05-18
61,61,1,60,1105.18,2017-12-27,2020-07-01
62,62,1,60,35.31,2020-01-10,2020-10-26
63,63,5,60,356.13,2018-05-21,2019-11-18
64,64,1,60,205.9,2017-06-11,2017-09-01
65,65,4,60,618.65,2019-10-28,2020-07-08
66,66,4,60,347.57,2019-04-12,2018-02-20
67,67,2,60,912.71,2020-01-02,2018-05-28
68,68,5,60,74.9,2017-10-07,2018-05-20
69,69,5,60,747.95,2019-07-02,2017-06-21
70,70,4,60,995.47,2019-05-13,2019-10-13
71,71,2,60,804.49,2019-07-18,2020-03-21
72,72,4,60,7.56,2018-04-15,2019-03-02
73,73,5,60,140.56,2017-10-18,2017-08-02
74,74,5,60,798.85,2019-07-01,2017-03-20
75,75,4,60,820.48,2020-04-30,2019-12-16
76,76,2,60,522.49,2020-07-09,2017-03-21
77,77,3,60,1354.07,2017-01-02,2019-09-26
78,78,4,60,817.95,2020-01-25,2020-04-02
79,79,2,60,451.6,2017-05-12,2020-08-02
80,80,4,60,851.81,2018-10-04,2017-12-12
81,81,3,60,330.06,2019-12-12,2020-08-15
82,82,4,60,664.48,2020-07-28,2017-02-09
83,83,4,60,1106.9,2019-03-14,2020-05-07
84,84,2,60,767.71,2017-01-07,2019-07-24
85,85,4,60,764.71,2020-08-26,2019-09-20
86,86,2,60,245.22,2020-07-11,2020-04-03
87,87,5,60,894.4,2018-05-22,2020-01-27
88,88,1,60,368.89,2020-05-31,2019-11-04
89,89,5,60,948.82,2019-11-19,2019-01-16
90,90,3,60,811.16,2017-03-08,2018-02-17
91,91,1,60,621.95,2017-06-05,2018-03-23
92,92,2,60,688.51,2018-03-27,2019-10-07
93,93,5,60,639.7,2019-04-22,2017-07-20
94,94,3,60,284.39,2017-08-03,2018-03-12
95,95,2,60,512.57,2020-06-26,2017-09-30
96,96,4,60,1092.83,2019-08-13,2019-11-01
97,97,4,60,187.1,2017-10-23,2017-09-22
98,98,4,60,410.44,2020-11-21,2017-08-09
99,99,3,60,740.54,2017-08-27,2018-03-10
100,100,1,60,587.14,2020-01-12,2018-03-28
101,101,4,60,658.91,2020-10-03,2018-10-01
102,102,3,60,589.23,2020-01-30,2017-09-06
103,103,1,60,419.4,2019-12-03,2019-02-15
104,104,2,60,567.03,2018-08-10,2019-02-24
105,105,3,60,867.4,2017-03-16,2019-07-11
106,106,1,60,572.3,2020-07-19,2017-08-13
107,107,1,60,935.23,2020-10-16,2020-04-05
108,108,4,60,724.97,2018-08-30,2017-01-15
109,109,3,60,494.56,2020-09-03,2017-03-21
110,110,1,60,768.62,2019-07-30,2020-04-19
111,111,4,60,1016.33,2020-09-16,2020-06-12
112,112,2,60,890.32,2018-12-31,2018-07-14
113,113,2,60,915.63,2018-06-05,2019-11-08
114,114,2,60,474.23,2020-03-03,2019-07-05
115,115,1,60,286.57,2019-05-12,2020-09-22
116,116,4,60,1073.43,2017-08-20,2018-06-22
117,117,1,60,1007.08,2019-05-05,2017-01-11
118,118,3,60,210.99,2020-01-24,2019-03-08
119,119,2,60,480.15,2019-04-10,2019-10-20
120,120,5,60,481.82,2020-08-16,2020-02-09
121,121,5,60,481.84,2018-05-31,2020-08-29
122,122,1,60,132.42,2017-07-22,2020-03-06
123,123,4,60,872.38,2020-05-29,2020-02-05
124,124,3,60,759.59,2018-05-09,2019-11-20
125,125,3,60,1092.53,2017-11-28,2018-10-17
126,126,2,60,631.71,2019-01-20,2020-10-18
127,127,3,60,413.97,2020-07-04,2018-04-24
128,128,4,60,202.18,2020-03-30,2018-10-30
129,129,2,60,143.3,2018-12-07,2017-06-21
130,130,2,60,656.41,2018-12-14,2020-09-06
131,131,5,60,611.11,2018-04-10,2019-12-12
132,132,3,60,454.6,2017-01-22,2019-08-05
133,133,2,60,484.06,2017-06-21,2017-11-06
134,134,5,60,1116.98,2019-02-01,2017-04-09
135,135,4,60,1198.81,2019-03-28,2020-07-27
136,136,2,60,859.21,2018-07-28,2018-05-17
137,137,2,60,558.12,2020-07-13,2019-10-29
138,138,4,60,161.3,2019-07-02,2019-11-17
139,139,4,60,426.58,2020-11-06,2018-02-02
140,140,4,60,61.61,2019-02-07,2020-12-13
141,141,4,60,831.73,2017-12-27,2019-09-13
142,142,3,60,443.54,2019-08-24,2020-11-07
143,143,2,60,694.2,2019-01-25,2020-06-08
144,144,3,60,1036.65,2019-06-23,2019-07-09
145,145,1,60,1032.99,2020-06-03,2017-01-20
146,146,3,60,294.92,2017-10-19,2020-12-25
147,147,4,60,168.42,2019-01-22,2017-05-06
148,148,4,60,330.17,2019-05-24,2018-12-03
149,149,5,60,135.29,2019-09-11,2018-07-12
150,150,4,60,980.25,2019-12-09,2018-12-24
151,151,4,60,447.84,2019-10-05,2019-08-02
152,152,1,60,172.96,2019-09-16,2017-06-01
153,153,1,60,127.6,2020-10-12,2017-05-18
154,154,2,60,476.47,2017-08-27,2017-03-21
155,155,3,60,562.54,2017-12-23,2020-09-14
156,156,2,60,196.06,2017-06-13,2020-01-03
157,157,2,60,1101.52,2018-09-17,2017-11-12
158,158,2,60,563.29,2019-04-18,2020-08-07
159,159,3,60,183.65,2018-12-03,2017-01-25
160,160,5,60,460.63,2018-10-22,2020-09-30
161,161,1,60,349.48,2019-01-27,2020-03-29
162,162,5,60,1183.64,2019-11-12,2019-09-26
163,163,4,60,954.64,2019-06-25,2017-03-26
164,164,5,60,917.07,2020-01-11,2017-12-21
165,165,5,60,612.95,2018-01-12,2017-07-19
166,166,5,60,254.06,2020-04-11,2017-05-08
167,167,5,60,390.27,2018-08-29,2017-01-25
168,168,2,60,381.96,2020-01-03,2019-01-05
169,169,3,60,1053.26,2019-05-18,2019-01-13
170,170,5,60,125.91,2017-03-10,2018-05-23
171,171,1,60,387.23,2018-02-12,2019-08-18
172,172,1,60,756.57,2020-06-30,2017-07-11
173,173,4,60,401.46,2018-10-15,2018-01-04
174,174,3,60,335.62,2020-06-26,2019-03-04
175,175,5,60,1146.84,2019-03-20,2018-02-17
176,176,5,60,161.9,2019-02-17,2020-04-08
177,177,3,60,241.59,2017-01-16,2018-01-08
178,178,2,60,572.18,2020-06-08,2019-01-11
179,179,4,60,71.51,2020-03-19,2020-02-20
180,180,5,60,1326.43,2018-03-21,2019-03-29
181,181,4,60,881.66,2017-07-25,2019-07-26
182,182,5,60,1425.44,2017-01-04,2018-12-17
183,183,4,60,209.98,2019-04-16,2019-10-27
184,184,4,60,772.78,2018-04-08,2017-04-22
185,185,2,60,723.21,2017-06-13,2019-12-10
186,186,2,60,239.61,2017-08-09,2017-07-08
187,187,2,60,912.39,2018-07-04,2019-06-29
188,188,1,60,826.27,2019-10-24,2020-05-19
189,189,3,60,734.75,2020-06-26,2020-10-26
190,190,2,60,636.4,2017-11-25,2019-10-29
191,191,2,60,1180.19,2018-06-07,2019-07-22
192,192,2,60,769.21,2019-07-26,2017-11-06
193,193,3,60,1241.77,2020-12-20,2018-04-02
194,194,4,60,632.81,2018-06-29,2020-06-11
195,195,1,60,88.2,2018-01-22,2018-06-16
196,196,4,60,197.67,2019-06-30,2018-12-23
197,197,3,60,597.32,2019-04-04,2019-04-29
198,198,4,60,886.92,2017-12-20,2018-04-10
199,199,4,60,808.09,2019-05-21,2019-10-13
200,200,4,60,734.22,2019-05-23,2017-07-04
201,201,1,60,573.59,2017-10-02,2020-10-22
202,202,3,60,979.91,2018-01-26,2020-05-20
203,203,2,60,640.72,2019-07-31,2020-08-11
204,204,1,60,753.1,2018-09-22,2020-09-14
205,205,1,60,777.54,2018-12-10,2018-10-21
206,206,2,60,129.16,2020-08-22,2019-03-05
207,207,4,60,299.89,2017-11-13,2019-12-05
208,208,3,60,1072.05,2020-06-18,2017-08-25
209,209,1,60,929.83,2020-11-08,2018-09-17
210,210,3,60,856.15,2018-01-05,2019-02-20
211,211,3,60,595.97,2020-09-20,2019-10-12
212,212,4,60,721.87,2018-11-22,2017-08-03
213,213,2,60,748.08,2020-09-13,2017-10-16
214,214,5,60,1065.65,2017-06-24,2020-03-16
215,215,5,60,249.41,2020-12-02,2018-05-03
216,216,5,60,238.69,2017-05-14,2020-01-08
217,217,3,60,916.85,2017-11-18,2019-11-28
218,218,4,60,60.41,2017-01-26,2018-01-02
219,219,5,60,1182.06,2019-10-08,2020-06-21
220,220,4,60,152.89,2018-02-11,2020-09-11
221,221,3,60,534.32,2018-05-30,2018-12-03
222,222,3,60,854.81,2017-09-28,2020-06-05
223,223,2,60,169.39,2020-09-30,2017-01-20
224,224,1,60,822.56,2019-03-19,2020-02-25
225,225,3,60,943.92,2018-04-09,2018-06-19
226,226,4,60,204.41,2018-04-25,2017-03-05
227,227,2,60,95.15,2018-07-12,2017-01-10
228,228,5,60,681.22,2020-03-17,2019-04-16
229,229,2,60,237.95,2019-10-12,2018-12-18
230,230,3,60,510.94,2019-06-15,2019-05-20
231,231,4,60,472.83,2020-01-22,2017-03-28
232,232,5,60,499,2020-12-14,2017-11-03
233,233,3,60,733.45,2019-02-13,2019-02-07
234,234,3,60,527.06,2017-08-10,2020-10-15
235,235,3,60,636.61,2018-04-28,2019-06-23
236,236,1,60,1132.8,2018-11-16,2017-01-20
237,237,2,60,726.82,2019-07-02,2020-02-13
238,238,2,60,275.56,2018-05-13,2019-07-29
239,239,2,60,177.21,2019-02-28,2017-07-22
240,240,2,60,862.41,2020-08-11,2019-07-23
241,241,4,60,786.52,2020-06-12,2020-06-02
242,242,4,60,440.24,2017-10-08,2019-04-06
243,243,1,60,731.73,2020-12-04,2018-09-04
244,244,5,60,1012.49,2018-07-19,2019-01-12
245,245,2,60,442.71,2019-07-21,2019-05-02
246,246,4,60,363.23,2018-04-20,2020-11-20
247,247,2,60,306.95,2019-05-17,2019-07-05
248,248,3,60,631.85,2018-12-28,2020-06-12
249,249,3,60,332.32,2017-07-11,2018-08-02
250,250,4,60,752.78,2017-03-15,2018-11-10
251,251,5,60,147.62,2020-12-15,2019-11-04
252,252,2,60,572.81,2017-08-29,2018-08-06
253,253,4,60,573.75,2017-06-15,2017-01-07
254,254,3,60,133.49,2019-08-09,2019-04-26
255,255,2,60,82.66,2017-12-04,2017-01-23
256,256,5,60,759,2017-03-27,2018-05-16
257,257,1,60,1172.54,2018-12-08,2019-04-14
258,258,5,60,45.88,2017-06-11,2018-10-20
259,259,3,60,259.75,2019-05-16,2018-07-07
260,260,4,60,165.79,2019-04-09,2017-12-17
261,261,3,60,1385.86,2017-11-17,2020-06-18
262,262,3,60,1387.43,2017-03-28,2019-05-07
263,263,2,60,129.12,2020-12-12,2019-02-23
264,264,3,60,890.13,2017-12-07,2019-08-11
265,265,3,60,540.57,2018-08-25,2020-08-27
266,266,5,60,885.83,2019-05-21,2020-05-29
267,267,4,60,938.66,2017-08-29,2019-11-04
268,268,5,60,662.53,2017-05-13,2020-02-02
269,269,3,60,1022.47,2019-12-18,2018-10-27
270,270,5,60,428.35,2017-03-15,2018-02-16
271,271,5,60,284.45,2018-02-03,2020-06-10
272,272,4,60,561.1,2017-05-06,2019-11-30
273,273,1,60,338.22,2020-07-01,2019-04-02
274,274,3,60,948.31,2019-01-04,2017-05-15
275,275,4,60,327.59,2020-04-22,2018-09-01
276,276,4,60,656.45,2017-07-03,2020-02-11
277,277,5,60,448.66,2018-11-07,2017-07-27
278,278,1,60,868.24,2019-04-22,2020-06-06
279,279,3,60,224.31,2019-01-26,2020-09-24
280,280,2,60,777.04,2018-02-03,2018-08-09
281,281,4,60,611.92,2018-01-29,2020-05-19
282,282,3,60,737.79,2018-03-14,2019-08-07
283,283,1,60,812.44,2018-05-22,2020-06-03
284,284,2,60,897.17,2018-01-18,2018-02-08
285,285,2,60,803.36,2018-07-23,2020-08-31
286,286,1,60,771.76,2019-11-28,2018-01-18
287,287,2,60,194.98,2017-01-02,2017-09-23
288,288,2,60,1105.62,2017-05-21,2019-10-06
289,289,5,60,820.25,2017-05-07,2018-02-01
290,290,3,60,1198.08,2017-05-24,2017-07-08
291,291,2,60,666.45,2018-03-01,2019-11-09
292,292,4,60,418.4,2020-05-03,2019-03-21
293,293,3,60,1081.3,2020-05-29,2018-04-04
294,294,3,60,482.76,2019-08-26,2018-05-10
295,295,2,60,156.52,2020-09-16,2020-11-10
296,296,2,60,448.65,2018-05-18,2017-01-07
297,297,1,60,177.01,2018-06-30,2018-08-28
298,298,2,60,177.22,2019-07-03,2018-12-12
299,299,2,60,541.62,2017-06-17,2017-06-06
300,300,4,60,884.81,2020-11-17,2020-12-21
301,301,2,60,220.63,2019-11-01,2017-09-30
302,302,5,60,412.38,2017-04-24,2018-09-30
303,303,1,60,922.45,2019-01-07,2020-12-12
304,304,2,60,253.76,2020-05-24,2017-08-07
305,305,4,60,684.64,2018-08-17,2020-11-03
306,306,4,60,979.62,2018-12-28,2020-10-14
307,307,4,60,1125.94,2020-08-28,2018-09-20
308,308,3,60,903.53,2017-11-04,2019-03-23
309,309,3,60,98.33,2018-01-16,2020-04-04
310,310,1,60,754.65,2018-11-24,2019-05-03
311,311,5,60,218.96,2019-05-01,2020-02-13
312,312,2,60,298.38,2020-03-15,2018-04-06
313,313,4,60,965.42,2017-01-27,2018-03-27
314,314,4,60,224.99,2020-01-12,2019-03-24
315,315,5,60,430.3,2017-08-26,2017-09-19
316,316,5,60,601.72,2019-01-24,2017-07-12
317,317,1,60,806.61,2017-06-14,2020-10-19
318,318,3,60,790.07,2019-05-21,2017-01-26
319,319,4,60,154.05,2020-07-30,2017-03-17
320,320,4,60,325.84,2019-09-14,2018-10-27
321,321,2,60,638.42,2018-08-22,2018-03-01
322,322,5,60,285.54,2018-06-13,2017-12-08
323,323,4,60,73.62,2017-12-01,2020-04-27
324,324,4,60,80.78,2018-07-08,2018-09-22
325,325,3,60,596.3,2017-06-26,2018-04-09
326,326,5,60,837.59,2020-09-21,2018-11-06
327,327,2,60,461.78,2017-02-25,2017-09-28
328,328,1,60,280.96,2017-10-20,2018-08-19
329,329,3,60,891.61,2020-06-27,2017-01-23
330,330,5,60,259.23,2017-06-17,2020-10-03
331,331,5,60,497.28,2017-08-24,2017-12-30
332,332,4,60,140.29,2017-10-28,2020-08-17
333,333,3,60,717.36,2020-07-01,2018-02-25
334,334,4,60,777.52,2018-08-02,2019-09-15
335,335,3,60,648.99,2018-01-27,2020-07-02
336,336,4,60,846.04,2017-11-20,2018-10-28
337,337,1,60,19.68,2020-10-01,2020-10-11
338,338,2,60,567.65,2020-01-27,2018-10-29
339,339,2,60,374.5,2020-02-26,2018-02-26
340,340,3,60,918.3,2018-11-03,2020-10-26
341,341,2,60,1153.24,2020-01-31,2017-10-26
342,342,2,60,569.98,2019-07-22,2019-08-26
343,343,2,60,1006.22,2019-04-14,2020-10-27
344,344,3,60,899.32,2017-03-04,2017-03-25
345,345,5,60,587.94,2018-03-22,2017-10-04
346,346,4,60,802.06,2020-09-04,2018-01-05
347,347,1,60,588.69,2017-10-25,2019-06-05
348,348,5,60,883.72,2020-01-16,2020-05-04
349,349,5,60,229.16,2020-10-13,2019-09-20
350,350,4,60,25.3,2018-05-14,2019-07-17
351,351,4,60,882.65,2020-02-07,2018-04-09
352,352,5,60,660.77,2019-04-23,2018-10-29
353,353,4,60,443.31,2020-05-11,2019-10-04
354,354,1,60,1007.77,2020-11-12,2020-07-22
355,355,2,60,373.22,2018-12-31,2019-07-25
356,356,2,60,579.47,2017-02-14,2017-03-05
357,357,3,60,1257.54,2020-09-16,2020-08-12
358,358,2,60,218.71,2018-03-17,2018-09-06
359,359,1,60,130.34,2019-11-01,2020-06-21
360,360,2,60,957.94,2020-07-26,2017-02-13
361,361,1,60,124.67,2017-02-02,2019-12-31
362,362,4,60,914.43,2020-10-19,2018-06-07
363,363,3,60,574.5,2020-12-09,2017-10-03
364,364,4,60,302.7,2020-05-17,2020-06-07
365,365,2,60,1025.41,2020-02-22,2019-06-28
366,366,1,60,1140.35,2017-02-03,2017-10-15
367,367,4,60,332.77,2020-09-15,2018-03-08
368,368,1,60,503.01,2018-08-14,2017-07-20
369,369,4,60,288.65,2018-11-09,2017-01-31
370,370,1,60,732.91,2017-12-17,2019-06-22
371,371,2,60,388.47,2020-05-30,2018-04-22
372,372,3,60,897.4,2019-04-13,2020-02-21
373,373,2,60,610,2020-11-19,2018-09-23
374,374,1,60,556.89,2018-02-27,2020-03-01
375,375,2,60,287.71,2017-05-06,2018-09-30
376,376,4,60,195.24,2019-05-16,2018-04-10
377,377,2,60,765.09,2017-01-13,2019-11-05
378,378,2,60,486.33,2018-09-19,2018-03-09
379,379,4,60,997.67,2020-11-19,2020-08-29
380,380,3,60,891.4,2020-05-29,2020-11-29
381,381,1,60,408.9,2019-05-07,2019-12-10
382,382,3,60,508.42,2020-07-04,2017-06-28
383,383,2,60,576.66,2019-03-10,2017-04-19
384,384,2,60,669.65,2020-08-13,2017-09-06
385,385,4,60,781.43,2017-04-30,2019-11-09
386,386,1,60,1239.18,2020-05-12,2018-10-31
387,387,4,60,92.37,2019-05-10,2018-10-05
388,388,3,60,311.91,2019-08-24,2020-02-14
389,389,1,60,590.7,2017-12-18,2020-12-10
390,390,5,60,686.91,2020-01-04,2018-08-03
391,391,4,60,657.94,2017-01-12,2017-03-31
392,392,3,60,342.5,2019-06-15,2018-01-08
393,393,1,60,347.98,2018-01-18,2020-05-31
394,394,5,60,101.16,2017-02-08,2020-08-25
395,395,3,60,180.06,2019-04-03,2017-03-28
396,396,1,60,439.45,2020-08-12,2017-01-19
397,397,1,60,974.08,2017-10-20,2017-02-05
398,398,4,60,694.36,2020-07-18,2020-05-07
399,399,4,60,662.19,2019-05-08,2019-01-17
400,400,1,60,1010.12,2020-01-22,2019-02-23
401,401,5,60,1121.79,2019-03-21,2018-01-26
402,402,1,60,363.13,2019-08-07,2017-08-26
403,403,2,60,828.11,2020-03-20,2019-07-23
404,404,4,60,76.19,2018-03-25,2020-10-27
405,405,1,60,867.21,2018-10-11,2017-04-30
406,406,5,60,851.28,2017-05-13,2020-03-12
407,407,3,60,743.18,2017-08-09,2017-06-07
408,408,1,60,954.78,2017-04-21,2020-08-06
409,409,3,60,338.12,2019-04-11,2019-07-22
410,410,2,60,245.05,2019-12-13,2018-03-14
411,411,5,60,248.84,2019-04-16,2017-02-13
412,412,4,60,739.63,2017-03-29,2020-08-25
413,413,3,60,781.81,2020-09-16,2019-04-06
414,414,1,60,385.05,2020-07-14,2018-12-26
415,415,2,60,171.04,2019-01-11,2017-03-12
416,416,3,60,981.29,2019-04-06,2017-06-29
417,417,4,60,463.55,2020-04-23,2019-05-15
418,418,1,60,923.41,2020-09-02,2019-05-23
419,419,2,60,208.41,2017-01-30,2018-12-30
420,420,2,60,484.45,2017-10-16,2018-04-05
421,421,4,60,4.82,2017-08-01,2018-10-30
422,422,4,60,375.66,2017-09-22,2017-07-20
423,423,1,60,470.12,2018-11-26,2019-06-03
424,424,4,60,428.07,2020-07-06,2018-01-15
425,425,5,60,422.51,2018-01-27,2019-02-08
426,426,3,60,677.99,2019-01-21,2018-01-17
427,427,5,60,723.84,2018-10-08,2018-12-20
428,428,2,60,891.31,2018-08-13,2018-08-24
429,429,4,60,788.4,2019-10-31,2018-01-14
430,430,5,60,767.77,2019-03-28,2017-10-11
431,431,4,60,1194.09,2019-01-26,2017-07-27
432,432,4,60,47.19,2017-09-19,2017-10-03
433,433,2,60,943.6,2019-10-11,2018-02-23
434,434,3,60,334.95,2020-12-22,2020-08-10
435,435,1,60,291.73,2018-04-24,2018-03-06
436,436,5,60,413.22,2017-04-05,2020-04-25
437,437,5,60,494.69,2017-03-11,2019-09-03
438,438,1,60,591.06,2019-09-09,2020-03-28
439,439,5,60,1299.32,2020-11-18,2020-10-25
440,440,4,60,759.89,2018-02-23,2020-04-24
441,441,5,60,830.56,2018-04-14,2017-07-04
442,442,3,60,89.33,2019-05-26,2017-02-23
443,443,5,60,260.87,2019-10-21,2020-08-20
444,444,5,60,662.74,2017-06-10,2019-02-23
445,445,3,60,420.96,2017-07-01,2020-06-01
446,446,5,60,908.87,2020-11-21,2018-02-08
447,447,1,60,811.06,2020-01-26,2018-09-22
448,448,5,60,86.81,2020-10-22,2019-02-17
449,449,2,60,310.47,2020-12-19,2019-04-16
450,450,2,60,556.21,2019-04-04,2018-09-22
451,451,3,60,618.99,2018-06-12,2017-12-21
452,452,3,60,925.24,2018-07-05,2018-06-26
453,453,1,60,860.87,2019-01-31,2020-06-29
454,454,1,60,216.08,2020-04-05,2018-11-03
455,455,1,60,480.3,2018-06-07,2017-01-16
456,456,3,60,377.12,2018-05-21,2019-12-23
457,457,5,60,93.34,2018-07-22,2018-12-12
458,458,1,60,725.44,2019-06-12,2020-09-12
459,459,2,60,265.03,2020-08-03,2019-04-14
460,460,2,60,598.64,2017-11-04,2017-06-17
461,461,3,60,981.9,2017-01-04,2017-04-06
462,462,5,60,902.73,2018-02-09,2018-12-27
463,463,4,60,214.3,2020-03-14,2019-11-09
464,464,2,60,733.37,2019-03-04,2017-03-12
465,465,2,60,530.38,2019-01-31,2018-12-12
466,466,1,60,1052.83,2017-10-18,2017-07-18
467,467,5,60,18.82,2018-04-25,2018-05-08
468,468,4,60,304.63,2019-09-08,2017-05-04
469,469,2,60,145.74,2020-08-23,2017-04-03
470,470,5,60,526.43,2018-12-08,2017-11-17
471,471,1,60,163.65,2019-09-02,2018-11-05
472,472,5,60,817.2,2017-03-06,2018-04-06
473,473,1,60,591.81,2018-03-06,2020-10-29
474,474,5,60,366.57,2019-04-20,2019-11-10
475,475,1,60,665.9,2018-07-24,2020-06-22
476,476,2,60,190.28,2018-04-15,2017-08-08
477,477,1,60,967.18,2017-02-09,2017-06-16
478,478,3,60,470.7,2017-06-05,2018-05-12
479,479,4,60,476.48,2020-10-04,2018-10-25
480,480,5,60,20.38,2020-09-22,2019-06-27
481,481,1,60,767.9,2020-09-12,2019-02-22
482,482,5,60,961.77,2020-10-14,2019-08-17
483,483,1,60,540.75,2017-08-28,2018-06-08
484,484,5,60,434.62,2018-10-06,2018-12-17
485,485,5,60,282.43,2020-08-26,2020-03-24
486,486,4,60,1341.41,2019-10-12,2020-01-06
487,487,4,60,764.19,2018-04-20,2017-03-16
488,488,2,60,364.06,2020-11-22,2020-10-13
489,489,4,60,495.95,2020-08-26,2018-03-31
490,490,2,60,886.07,2018-12-26,2018-11-14
491,491,1,60,159.95,2018-02-27,2019-04-29
492,492,5,60,658.28,2018-07-21,2019-05-02
493,493,1,60,1030.01,2019-02-19,2017-08-15
494,494,1,60,207.16,2019-01-12,2019-11-30
495,495,5,60,924.3,2019-10-26,2017-03-13
496,496,3,60,333.24,2017-06-15,2019-11-04
497,497,4,60,1253.45,2020-09-24,2018-08-24
498,498,1,60,168.3,2020-09-06,2019-10-24
499,499,4,60,928.43,2019-01-13,2019-08-16
500,500,4,60,453.94,2018-03-09,2017-10-28
501,501,2,60,612.79,2019-05-21,2020-05-24
502,502,5,60,720.96,2019-04-12,2018-04-21
503,503,5,60,151.45,2020-09-07,2019-12-31
504,504,3,60,476.78,2017-03-31,2018-11-02
505,505,2,60,286.81,2018-04-06,2020-12-12
506,506,1,60,103.86,2017-03-14,2018-05-31
507,507,1,60,208.01,2018-07-30,2018-10-31
508,508,4,60,802.4,2019-02-26,2018-10-04
509,509,5,60,153.21,2017-03-18,2018-06-15
510,510,2,60,280.38,2018-03-21,2017-01-02
511,511,5,60,687.27,2020-04-19,2017-08-31
512,512,2,60,598.34,2017-10-25,2017-12-23
513,513,2,60,773.35,2019-06-08,2020-02-12
514,514,1,60,288.72,2017-09-04,2018-06-17
515,515,5,60,329.29,2018-04-19,2019-01-18
516,516,2,60,6.99,2019-04-08,2019-05-01
517,517,1,60,180.29,2018-05-07,2020-02-15
518,518,2,60,428.02,2018-05-19,2017-04-28
519,519,5,60,43.1,2020-08-23,2019-05-28
520,520,3,60,344.24,2019-06-15,2018-02-23
521,521,2,60,354.75,2020-09-17,2020-04-29
522,522,4,60,362.69,2017-01-09,2019-04-08
523,523,3,60,502.19,2020-11-22,2018-12-05
524,524,5,60,298.55,2017-10-23,2017-04-24
525,525,3,60,277.28,2020-10-17,2017-09-21
526,526,3,60,584.92,2017-05-15,2020-03-11
527,527,2,60,119.82,2018-12-03,2020-10-23
528,528,3,60,300.44,2020-07-19,2019-12-05
529,529,3,60,328.46,2020-05-06,2017-04-15
530,530,5,60,1002.52,2018-07-13,2017-12-05
531,531,2,60,537.18,2017-11-22,2018-02-11
532,532,1,60,1019.55,2019-05-19,2018-09-15
533,533,4,60,686.79,2018-02-08,2020-12-28
534,534,4,60,252.43,2018-09-16,2020-10-12
535,535,2,60,881.63,2018-09-12,2020-03-13
536,536,4,60,461.52,2018-01-08,2020-12-24
537,537,4,60,504.73,2019-08-24,2017-04-11
538,538,4,60,123.85,2020-10-12,2019-04-10
539,539,5,60,922.87,2020-05-31,2019-12-08
540,540,5,60,1038.98,2017-01-04,2018-04-21
541,541,5,60,837.78,2020-08-01,2018-04-27
542,542,2,60,748.26,2018-04-30,2018-05-22
543,543,5,60,210.76,2019-02-02,2020-03-19
544,544,3,60,409.25,2017-10-21,2020-06-06
545,545,5,60,73.78,2017-12-31,2020-03-07
546,546,3,60,225.67,2017-01-31,2019-03-31
547,547,4,60,160.51,2018-03-16,2017-04-17
548,548,1,60,326.9,2019-05-01,2018-11-30
549,549,4,60,541.56,2017-04-06,2017-01-17
550,550,2,60,1205.16,2017-11-03,2020-12-30
551,551,2,60,425.12,2018-11-14,2017-05-08
552,552,2,60,363.58,2017-03-26,2020-04-23
553,553,2,60,236.89,2018-02-12,2019-02-04
554,554,4,60,243.45,2017-10-28,2018-05-17
555,555,4,60,899.41,2018-05-25,2018-02-18
556,556,5,60,18.53,2020-01-20,2018-04-11
557,557,1,60,849.21,2018-01-08,2018-01-27
558,558,4,60,677.58,2020-09-24,2017-06-05
559,559,4,60,946.45,2018-07-11,2018-02-01
560,560,3,60,317.33,2017-06-15,2019-01-25
561,561,4,60,167.72,2019-03-14,2019-01-03
562,562,1,60,792.55,2020-02-10,2018-07-31
563,563,1,60,958.68,2017-09-04,2017-01-05
564,564,2,60,775.54,2020-02-13,2020-11-05
565,565,4,60,428.64,2017-09-26,2020-12-20
566,566,5,60,552.74,2017-07-06,2019-01-31
567,567,1,60,1036.42,2018-03-12,2018-02-27
568,568,1,60,559.91,2019-12-11,2018-09-15
569,569,2,60,501.37,2020-02-03,2018-07-16
570,570,3,60,1161.64,2020-09-30,2018-11-29
571,571,4,60,1303.63,2018-11-27,2018-06-21
572,572,4,60,138.57,2017-05-30,2018-08-30
573,573,4,60,539.46,2017-05-24,2020-05-09
574,574,1,60,820.39,2019-09-16,2018-05-11
575,575,3,60,96.9,2020-04-09,2020-01-25
576,576,3,60,488.87,2017-04-09,2020-05-15
577,577,1,60,247.54,2020-02-19,2018-11-02
578,578,4,60,1075.56,2018-04-19,2019-02-15
579,579,3,60,192.79,2019-11-02,2019-09-05
580,580,4,60,945.73,2017-08-26,2017-10-23
581,581,1,60,85.27,2018-04-20,2017-03-28
582,582,5,60,273.14,2019-09-13,2017-06-06
583,583,1,60,647.66,2018-09-21,2020-11-06
584,584,3,60,775.35,2017-02-12,2017-12-25
585,585,1,60,655.29,2019-02-07,2018-12-15
586,586,2,60,1026.99,2017-04-26,2020-10-09
587,587,3,60,1220.12,2019-01-09,2017-03-05
588,588,5,60,549.43,2019-01-02,2020-07-17
589,589,1,60,672.15,2018-05-29,2017-09-30
590,590,2,60,634.37,2020-08-19,2018-03-22
591,591,4,60,713.1,2017-02-03,2019-03-07
592,592,2,60,293.73,2018-08-03,2017-06-04
593,593,4,60,957.8,2017-07-21,2020-09-14
594,594,4,60,345.63,2018-01-28,2020-04-06
595,595,2,60,38.49,2019-01-04,2018-10-06
596,596,2,60,192.29,2017-03-24,2019-01-04
597,597,2,60,480.56,2020-05-07,2019-05-03
598,598,4,60,861.03,2017-08-01,2018-01-03
599,599,2,60,468.77,2019-10-28,2017-06-09
600,600,5,60,824.73,2018-12-15,2018-09-17
601,601,4,60,593.69,2017-05-15,2019-12-19
602,602,3,60,854.03,2017-03-15,2017-06-17
603,603,5,60,396.79,2018-05-21,2018-12-24
604,604,2,60,801.73,2020-10-10,2020-11-09
605,605,3,60,548.71,2017-06-22,2018-03-30
606,606,2,60,841.94,2019-05-08,2017-04-02
607,607,3,60,301.5,2019-09-08,2018-10-31
608,608,3,60,671.51,2017-02-21,2017-08-06
609,609,5,60,449.36,2017-07-05,2020-06-16
610,610,5,60,367.29,2019-04-22,2019-12-28
611,611,3,60,213.81,2018-07-21,2019-12-05
612,612,3,60,192.2,2018-07-06,2019-09-26
613,613,2,60,389.78,2020-06-01,2019-12-03
614,614,4,60,823.76,2018-11-04,2018-06-05
615,615,5,60,387.71,2020-11-06,2017-10-28
616,616,4,60,426.13,2020-01-20,2020-01-12
617,617,4,60,102.09,2019-01-22,2017-05-22
618,618,2,60,510.59,2020-11-07,2017-02-11
619,619,4,60,359.8,2020-02-26,2020-04-27
620,620,5,60,157.15,2018-02-06,2020-12-08
621,621,4,60,323.04,2019-08-26,2020-06-04
622,622,2,60,192.72,2017-07-08,2017-05-06
623,623,1,60,1049.56,2020-09-18,2017-10-26
624,624,4,60,1055.14,2017-03-20,2020-07-12
625,625,4,60,315.58,2020-03-23,2019-09-30
626,626,4,60,236.31,2018-05-21,2019-01-20
627,627,3,60,145.11,2018-06-28,2018-11-17
628,628,3,60,549.02,2019-06-03,2017-03-28
629,629,2,60,1346.95,2020-08-12,2018-08-02
630,630,5,60,387.66,2018-02-18,2019-03-07
631,631,2,60,927.99,2019-08-15,2019-10-12
632,632,2,60,669.77,2020-06-27,2018-01-15
633,633,4,60,421.48,2018-05-20,2020-01-18
634,634,4,60,81.24,2019-06-16,2019-09-10
635,635,3,60,1247.37,2020-12-18,2018-10-20
636,636,3,60,33.77,2017-01-22,2017-04-29
637,637,5,60,88.5,2019-01-27,2020-10-17
638,638,2,60,903.7,2019-06-24,2018-06-15
639,639,1,60,630.31,2020-02-16,2018-02-15
640,640,5,60,983.74,2017-12-21,2020-09-28
641,641,3,60,1423.49,2017-03-02,2020-09-19
642,642,4,60,699.31,2018-07-15,2020-02-29
643,643,4,60,979.85,2019-02-05,2017-08-11
644,644,2,60,204.61,2018-06-02,2019-04-04
645,645,2,60,64.62,2018-02-05,2017-09-15
646,646,2,60,977.43,2020-01-30,2020-02-15
647,647,5,60,646.82,2017-08-30,2019-12-29
648,648,4,60,86.68,2017-03-28,2017-04-02
649,649,4,60,866.17,2020-02-14,2019-03-21
650,650,4,60,442.82,2019-01-11,2020-08-25
651,651,2,60,346.88,2017-11-20,2020-04-08
652,652,4,60,1197.98,2020-07-20,2017-07-24
653,653,3,60,398.63,2017-12-09,2020-12-20
654,654,2,60,245.84,2019-09-09,2017-12-21
655,655,4,60,493.7,2017-03-05,2018-07-03
656,656,2,60,109.21,2018-04-26,2017-11-17
657,657,4,60,952.83,2018-06-11,2018-10-02
658,658,2,60,575.97,2017-09-08,2017-12-24
659,659,3,60,777.87,2020-02-28,2018-10-21
660,660,4,60,483.49,2017-02-17,2019-11-10
661,661,3,60,931.59,2017-08-09,2018-02-18
662,662,1,60,747.59,2020-06-07,2020-12-14
663,663,5,60,517.46,2020-07-14,2020-06-16
664,664,3,60,734.05,2018-01-20,2019-01-28
665,665,4,60,511.81,2017-05-20,2019-09-13
666,666,5,60,32.23,2017-04-08,2017-06-20
667,667,1,60,296.88,2020-05-27,2017-03-12
668,668,4,60,157.49,2018-01-30,2019-08-30
669,669,5,60,568.94,2019-06-02,2018-09-11
670,670,5,60,858.53,2018-12-02,2019-09-22
671,671,3,60,338.88,2017-04-01,2017-11-28
672,672,2,60,157.35,2020-03-31,2018-08-04
673,673,3,60,549.79,2020-07-16,2018-05-18
674,674,3,60,426.96,2017-07-21,2020-01-23
675,675,4,60,593.16,2017-01-22,2019-04-10
676,676,2,60,730.56,2017-02-08,2020-11-03
677,677,2,60,279.77,2018-09-05,2018-04-25
678,678,1,60,447.26,2018-01-24,2018-04-19
679,679,4,60,160.35,2017-12-09,2018-02-05
680,680,1,60,740.01,2018-07-23,2019-06-20
681,681,3,60,787.59,2018-01-14,2020-01-16
682,682,4,60,98.32,2017-12-06,2019-12-30
683,683,4,60,376.7,2018-03-11,2018-07-21
684,684,1,60,571.1,2019-10-16,2020-06-28
685,685,3,60,51.37,2019-03-11,2020-07-02
686,686,4,60,393.62,2019-04-02,2019-10-25
687,687,2,60,945.71,2019-03-17,2018-12-11
688,688,2,60,610.74,2017-03-27,2018-08-03
689,689,1,60,852.74,2018-11-22,2017-09-23
690,690,1,60,813.75,2020-09-22,2020-03-16
691,691,3,60,574.61,2019-07-10,2019-10-12
692,692,2,60,117.41,2018-12-25,2020-02-27
693,693,2,60,513.88,2020-03-08,2018-06-04
694,694,2,60,396.13,2020-01-18,2018-03-06
695,695,2,60,1224.06,2020-07-17,2017-11-11
696,696,4,60,5.81,2018-06-13,2018-04-16
697,697,3,60,157.46,2017-05-06,2018-06-11
698,698,5,60,373.51,2018-11-06,2017-04-03
699,699,5,60,622.46,2017-01-06,2020-02-07
700,700,3,60,1092.93,2017-02-14,2017-07-01
701,701,5,60,800.85,2018-01-21,2020-04-14
702,702,5,60,24.4,2019-07-26,2020-04-09
703,703,3,60,522.27,2018-03-14,2020-09-06
704,704,2,60,1012.17,2018-03-31,2017-03-12
705,705,1,60,742.63,2017-03-27,2018-01-15
706,706,3,60,110,2017-03-18,2020-04-11
707,707,1,60,546.83,2017-07-22,2019-11-03
708,708,3,60,609.86,2017-06-06,2020-05-09
709,709,4,60,806.13,2018-01-02,2017-12-12
710,710,4,60,749.51,2018-02-10,2017-12-08
711,711,1,60,181.7,2017-02-15,2018-12-17
712,712,1,60,422.02,2017-04-14,2020-07-27
713,713,4,60,266.84,2017-07-21,2019-11-20
714,714,2,60,177.23,2019-03-17,2017-09-25
715,715,2,60,568.55,2020-10-02,2017-07-13
716,716,1,60,451.21,2020-04-02,2018-03-28
717,717,4,60,913.37,2019-05-26,2018-07-25
718,718,3,60,980.96,2020-09-18,2019-02-15
719,719,3,60,842.03,2017-08-17,2017-08-06
720,720,3,60,995.52,2019-11-12,2019-04-05
721,721,4,60,599.9,2018-09-29,2017-12-27
722,722,2,60,386.7,2019-05-11,2018-03-11
723,723,4,60,629.02,2018-10-17,2017-09-22
724,724,5,60,909.17,2017-12-05,2019-02-11
725,725,5,60,649.08,2019-03-24,2019-01-11
726,726,5,60,332.49,2018-08-29,2019-01-24
727,727,1,60,784.18,2020-07-09,2019-06-09
728,728,2,60,304.99,2020-02-21,2019-10-17
729,729,5,60,674.4,2017-09-27,2018-07-28
730,730,3,60,207.79,2020-04-10,2020-09-19
731,731,3,60,344.9,2018-01-06,2017-09-01
732,732,1,60,494.46,2017-01-31,2019-12-14
733,733,4,60,500.7,2020-09-06,2018-10-19
734,734,5,60,794.05,2017-06-01,2019-06-04
735,735,3,60,891.88,2020-10-20,2018-07-15
736,736,5,60,1314.68,2020-11-07,2018-06-11
737,737,3,60,23.16,2018-09-01,2020-05-25
738,738,4,60,166.88,2020-10-07,2017-05-18
739,739,5,60,736.47,2019-01-03,2017-11-02
740,740,2,60,115.45,2020-03-05,2020-09-17
741,741,4,60,643.11,2017-09-04,2017-07-23
742,742,4,60,330.92,2019-06-02,2019-12-16
743,743,5,60,185.88,2020-11-07,2019-12-18
744,744,2,60,740.34,2019-01-28,2019-03-27
745,745,3,60,1134.6,2017-12-23,2018-02-05
746,746,3,60,545.23,2019-01-25,2020-01-25
747,747,1,60,279.9,2020-08-27,2018-04-29
748,748,3,60,1079.53,2019-09-21,2017-06-20
749,749,1,60,281.35,2020-11-10,2018-02-17
750,750,4,60,1178.88,2020-09-17,2019-10-28
751,751,2,60,895.95,2017-11-21,2018-03-12
752,752,4,60,817.26,2018-12-24,2020-09-05
753,753,2,60,166.25,2017-07-29,2017-10-12
754,754,3,60,188.33,2020-08-18,2019-04-15
755,755,1,60,390.59,2019-06-07,2017-12-23
756,756,3,60,310.58,2020-06-28,2017-11-30
757,757,2,60,249.71,2019-03-29,2020-03-21
758,758,4,60,332.4,2018-09-13,2018-04-10
759,759,4,60,102.09,2018-05-26,2020-08-09
760,760,5,60,785.2,2020-08-21,2019-07-22
761,761,1,60,186.26,2018-11-23,2017-05-20
762,762,4,60,911.45,2018-05-19,2020-10-11
763,763,3,60,369.03,2020-09-08,2019-09-17
764,764,5,60,819.62,2020-01-25,2020-12-04
765,765,5,60,487.05,2017-08-18,2019-11-10
766,766,4,60,415.6,2017-08-24,2020-12-25
767,767,5,60,326.11,2017-02-09,2019-03-26
768,768,5,60,675.24,2017-01-22,2018-06-04
769,769,3,60,218.39,2017-11-04,2019-10-17
770,770,2,60,265.03,2019-08-23,2017-01-25
771,771,3,60,915.95,2020-02-10,2020-09-05
772,772,1,60,520.37,2020-03-20,2019-06-13
773,773,4,60,843.28,2017-04-17,2019-03-05
774,774,1,60,296.26,2018-07-10,2020-02-10
775,775,5,60,412.52,2019-12-26,2017-04-25
776,776,4,60,590.34,2017-12-23,2020-06-24
777,777,1,60,266.24,2018-05-29,2020-09-22
778,778,4,60,547.31,2017-02-21,2019-08-09
779,779,1,60,735.17,2020-12-26,2020-05-29
780,780,4,60,32.66,2020-07-30,2019-07-31
781,781,4,60,519.82,2017-02-27,2019-11-09
782,782,1,60,96.44,2018-09-18,2019-11-25
783,783,1,60,944.21,2017-06-11,2018-01-17
784,784,5,60,857.5,2019-08-29,2018-03-04
785,785,1,60,797.22,2020-10-26,2019-10-06
786,786,5,60,315.83,2019-04-03,2017-12-23
787,787,4,60,450.49,2017-04-22,2020-09-17
788,788,3,60,1152.26,2017-05-05,2020-02-10
789,789,3,60,856.46,2020-06-28,2017-06-30
790,790,1,60,466.65,2019-01-28,2019-10-15
791,791,5,60,20.49,2018-07-26,2019-06-02
792,792,4,60,267.76,2019-07-25,2018-08-17
793,793,3,60,729.48,2020-04-21,2017-04-15
794,794,3,60,753.45,2019-08-27,2017-11-15
795,795,3,60,204.06,2020-12-16,2017-11-07
796,796,5,60,605.76,2020-11-22,2018-06-26
797,797,1,60,692,2019-11-06,2018-06-28
798,798,3,60,252.69,2019-03-14,2020-12-21
799,799,2,60,91.92,2020-12-12,2017-04-01
800,800,5,60,1128.67,2018-12-25,2017-10-31
801,801,4,60,128.12,2017-12-01,2019-01-18
802,802,3,60,1084.59,2020-06-26,2019-08-24
803,803,4,60,602.25,2017-03-20,2018-11-10
804,804,1,60,252.31,2017-09-27,2019-08-08
805,805,1,60,861.42,2017-09-02,2017-06-12
806,806,5,60,535.85,2017-08-30,2020-04-15
807,807,2,60,873.74,2020-08-16,2020-07-21
808,808,1,60,194.97,2017-07-03,2017-05-24
809,809,1,60,699.35,2019-01-04,2019-09-19
810,810,1,60,450.78,2018-03-04,2020-12-27
811,811,5,60,317.39,2019-12-20,2020-04-30
812,812,3,60,652.5,2019-09-09,2018-09-21
813,813,4,60,405.68,2020-06-18,2018-12-28
814,814,2,60,803.84,2018-04-29,2019-01-09
815,815,4,60,639.07,2019-07-10,2018-09-11
816,816,3,60,803.06,2019-04-12,2017-06-15
817,817,4,60,476.13,2020-08-18,2019-03-23
818,818,4,60,761.31,2019-12-30,2017-08-30
819,819,3,60,677.15,2017-07-20,2018-02-28
820,820,4,60,760.96,2019-06-04,2017-05-17
821,821,2,60,788.14,2018-05-04,2019-07-19
822,822,2,60,297.59,2017-08-24,2018-10-12
823,823,2,60,664.5,2019-07-16,2019-10-20
824,824,5,60,642.28,2017-05-01,2017-01-02
825,825,2,60,710.19,2017-05-04,2019-02-24
826,826,1,60,623.19,2019-11-10,2018-08-17
827,827,2,60,993.92,2020-12-18,2019-10-16
828,828,5,60,499.93,2019-12-08,2018-05-08
829,829,4,60,76.46,2018-12-17,2017-10-09
830,830,2,60,274.24,2019-08-10,2019-12-31
831,831,5,60,776.87,2019-03-29,2019-08-25
832,832,5,60,656.37,2020-04-09,2017-03-27
833,833,2,60,886.21,2018-10-16,2020-01-27
834,834,5,60,809.61,2019-09-03,2018-04-10
835,835,4,60,418.66,2020-06-17,2017-11-17
836,836,3,60,974.41,2018-11-29,2019-11-11
837,837,3,60,367.18,2019-11-27,2020-11-24
838,838,1,60,571.89,2017-08-04,2018-03-21
839,839,4,60,928.61,2017-07-29,2019-02-05
840,840,5,60,1021.78,2017-01-04,2020-11-11
841,841,3,60,739.11,2020-03-23,2017-08-20
842,842,2,60,421.43,2017-01-10,2020-09-28
843,843,4,60,922.07,2019-08-05,2018-05-08
844,844,2,60,1291.05,2017-09-09,2019-11-11
845,845,1,60,276.79,2020-12-03,2020-11-10
846,846,5,60,26.92,2018-02-12,2017-12-11
847,847,4,60,185.93,2018-08-19,2017-08-21
848,848,4,60,707.45,2018-01-14,2019-12-27
849,849,5,60,772.67,2017-01-24,2020-01-24
850,850,4,60,184.42,2018-01-31,2017-09-06
851,851,1,60,965.13,2020-10-24,2017-03-28
852,852,1,60,555.06,2017-02-09,2018-03-24
853,853,1,60,416.91,2020-07-23,2019-08-01
854,854,1,60,274.04,2017-10-20,2020-05-28
855,855,3,60,302.61,2020-02-16,2017-12-16
856,856,2,60,783.76,2017-05-09,2018-06-29
857,857,4,60,473.7,2017-03-15,2017-02-15
858,858,5,60,546.02,2019-09-23,2018-04-19
859,859,1,60,37.58,2018-02-13,2019-06-30
860,860,4,60,140.4,2018-07-14,2020-06-06
861,861,3,60,530.38,2018-08-07,2019-09-01
862,862,5,60,722.44,2020-01-01,2020-05-17
863,863,1,60,719.58,2018-04-13,2018-05-08
864,864,3,60,900.15,2019-01-28,2017-03-16
865,865,4,60,338.31,2017-06-29,2018-04-26
866,866,2,60,283.24,2020-10-07,2017-04-02
867,867,4,60,173.82,2020-11-09,2020-03-12
868,868,4,60,476.85,2018-03-15,2018-07-18
869,869,4,60,324.24,2018-06-03,2019-11-18
870,870,2,60,981.21,2019-11-12,2020-06-07
871,871,1,60,796.53,2019-05-29,2020-08-26
872,872,2,60,610.22,2019-04-05,2020-04-19
873,873,5,60,574.78,2018-02-02,2020-11-22
874,874,2,60,760.38,2018-09-12,2018-04-05
875,875,1,60,709.52,2018-06-28,2018-04-07
876,876,3,60,452.57,2020-01-11,2018-07-09
877,877,4,60,650.27,2017-06-02,2020-10-24
878,878,5,60,793.92,2018-11-13,2019-12-09
879,879,2,60,52.49,2020-08-22,2018-06-04
880,880,3,60,429.05,2018-12-18,2020-10-25
881,881,1,60,632.4,2018-02-01,2018-09-27
882,882,2,60,715.87,2018-01-03,2017-09-29
883,883,3,60,578.82,2018-12-15,2017-06-24
884,884,1,60,168.12,2017-05-18,2017-06-17
885,885,4,60,777.65,2020-11-04,2019-06-16
886,886,4,60,240.27,2019-08-04,2017-08-19
887,887,1,60,1114.66,2018-02-14,2020-10-19
888,888,4,60,389.41,2019-09-17,2017-12-02
889,889,1,60,413.81,2018-04-04,2018-04-08
890,890,3,60,89.64,2020-03-30,2020-10-27
891,891,3,60,453.81,2017-03-18,2019-05-08
892,892,1,60,800.66,2018-05-05,2020-04-21
893,893,4,60,412.7,2017-06-02,2019-08-08
894,894,4,60,24.79,2019-12-20,2018-06-20
895,895,5,60,148.17,2020-04-20,2019-01-06
896,896,5,60,597.78,2020-11-12,2019-07-03
897,897,5,60,291.8,2018-11-28,2017-03-13
898,898,4,60,894.75,2019-10-04,2018-05-26
899,899,4,60,436.33,2020-09-07,2020-10-31
900,900,1,60,312.47,2017-05-16,2020-05-24
901,901,5,60,769.57,2017-03-03,2018-09-10
902,902,5,60,625.31,2018-12-19,2017-03-02
903,903,4,60,101.16,2018-12-31,2019-04-13
904,904,1,60,749.75,2019-08-25,2019-10-10
905,905,1,60,431.47,2017-03-07,2020-10-02
906,906,1,60,419.75,2020-05-03,2018-07-13
907,907,3,60,168.72,2019-02-09,2019-07-25
908,908,1,60,294.75,2017-12-16,2017-10-29
909,909,2,60,406.31,2019-07-12,2017-03-04
910,910,5,60,564.84,2019-12-09,2018-08-08
911,911,2,60,225.77,2017-10-12,2020-12-15
912,912,1,60,872.52,2020-11-08,2018-03-01
913,913,3,60,907.61,2019-05-14,2017-01-15
914,914,1,60,125.17,2019-02-27,2017-08-04
915,915,3,60,357.98,2018-02-17,2020-02-05
916,916,2,60,591.13,2018-10-10,2020-03-13
917,917,1,60,786.27,2019-10-04,2018-09-20
918,918,2,60,33.71,2017-06-13,2019-01-24
919,919,3,60,550.72,2020-05-01,2019-10-29
920,920,3,60,602.46,2020-05-05,2020-10-10
921,921,2,60,551.58,2019-05-04,2018-03-04
922,922,3,60,340.87,2019-01-07,2018-04-05
923,923,1,60,376.73,2017-05-05,2017-07-14
924,924,4,60,59.98,2018-12-03,2017-08-28
925,925,4,60,693.86,2018-02-19,2020-02-21
926,926,4,60,903.43,2020-09-17,2017-09-09
927,927,5,60,733.26,2018-09-12,2018-06-10
928,928,4,60,709.23,2017-01-10,2018-07-02
929,929,3,60,761.39,2017-06-09,2020-04-18
930,930,1,60,1115.56,2020-12-16,2017-07-18
931,931,2,60,770.94,2017-10-15,2020-04-02
932,932,4,60,254.09,2017-07-23,2019-01-08
933,933,2,60,131.61,2020-05-08,2020-03-19
934,934,5,60,848.46,2018-09-29,2020-01-26
935,935,1,60,569.74,2020-09-21,2019-04-01
936,936,4,60,74.33,2020-09-04,2019-11-01
937,937,2,60,793.78,2017-10-02,2020-09-27
938,938,2,60,40.39,2019-02-27,2020-03-03
939,939,5,60,712.02,2018-09-03,2019-06-18
940,940,2,60,104.1,2019-05-20,2020-11-01
941,941,4,60,557.95,2019-12-23,2019-08-03
942,942,3,60,345.82,2020-04-28,2017-09-09
943,943,2,60,792.46,2017-12-08,2019-10-05
944,944,5,60,239.28,2018-12-20,2018-05-17
945,945,2,60,404.97,2019-05-21,2019-04-19
946,946,2,60,528.55,2018-02-20,2018-11-29
947,947,3,60,955.45,2018-03-11,2018-10-28
948,948,3,60,259.15,2019-05-30,2017-07-31
949,949,4,60,252.06,2018-01-17,2017-04-11
950,950,2,60,1055.07,2019-08-28,2018-10-15
951,951,2,60,538.11,2019-03-01,2017-07-20
952,952,2,60,273.53,2019-02-23,2019-05-31
953,953,5,60,291.92,2018-10-17,2019-10-27
954,954,5,60,883.13,2018-08-03,2019-07-04
955,955,2,60,399.78,2018-08-02,2019-06-19
956,956,3,60,464.86,2017-12-22,2017-01-27
957,957,1,60,1035.25,2017-03-08,2018-11-11
958,958,1,60,503.12,2017-09-30,2019-11-14
959,959,2,60,403.13,2017-04-03,2017-05-19
960,960,3,60,626.88,2017-03-29,2019-03-04
961,961,4,60,1162.73,2019-01-15,2018-08-28
962,962,5,60,53.15,2019-09-14,2018-04-27
963,963,4,60,474.42,2018-05-24,2019-06-19
964,964,4,60,973.26,2019-05-19,2020-03-16
965,965,1,60,716.5,2020-10-05,2020-03-15
966,966,5,60,700.96,2017-11-12,2017-12-29
967,967,3,60,773.17,2017-09-24,2020-04-08
968,968,1,60,513.04,2019-01-07,2019-02-23
969,969,3,60,834.28,2017-12-24,2020-12-13
970,970,4,60,723.25,2018-12-04,2019-12-08
971,971,5,60,1091.39,2017-09-27,2017-10-12
972,972,2,60,459.9,2018-08-27,2019-08-05
973,973,2,60,1238.02,2017-03-15,2017-06-01
974,974,1,60,996.41,2018-03-10,2019-02-01
975,975,1,60,813.73,2017-06-21,2018-07-30
976,976,4,60,470.92,2018-10-17,2019-09-01
977,977,2,60,170.16,2020-04-01,2019-04-27
978,978,3,60,171.61,2020-03-18,2020-07-12
979,979,4,60,711.59,2019-05-27,2019-06-14
980,980,3,60,822.78,2019-09-01,2019-02-17
981,981,5,60,563.8,2019-08-26,2020-04-30
982,982,4,60,929.79,2017-09-20,2019-09-19
983,983,4,60,565.27,2020-09-13,2019-04-30
984,984,1,60,570.29,2020-04-27,2019-10-21
985,985,4,60,1253.17,2020-03-02,2017-05-08
986,986,4,60,873.59,2017-02-15,2018-07-23
987,987,4,60,208.21,2020-04-13,2018-03-09
988,988,5,60,607.68,2020-03-30,2020-06-09
989,989,5,60,734.22,2020-09-22,2020-03-02
990,990,3,60,1087.82,2020-04-02,2020-07-08
991,991,2,60,523.66,2020-07-23,2020-03-02
992,992,5,60,1006,2018-10-24,2020-04-04
993,993,5,60,797.34,2019-03-03,2017-10-09
994,994,2,60,527.05,2017-07-13,2017-12-26
995,995,1,60,639.64,2019-04-10,2018-03-14
996,996,5,60,585.81,2017-04-24,2020-06-12
997,997,4,60,1101.87,2017-12-19,2019-07-04
998,998,1,60,424.02,2019-01-15,2019-10-09
999,999,4,60,212.19,2018-01-11,2018-06-28
1000,1000,1,60,637,2018-05-09,2017-01-03
1001,1001,1,60,73.11,2018-09-30,2020-01-22
1002,1002,1,60,635.17,2019-01-19,2019-05-17
1003,1003,3,60,885.57,2019-08-05,2019-03-09
1004,1004,5,60,988.34,2020-08-08,2020-04-20
1005,1005,5,60,625.02,2019-07-27,2020-12-22
1006,1006,4,60,227.52,2020-07-21,2019-12-13
1007,1007,2,60,432.87,2018-11-11,2018-08-20
1008,1008,4,60,831.39,2018-09-26,2020-08-01
1009,1009,5,60,979.47,2019-03-08,2017-11-21
1010,1010,3,60,553.02,2020-05-22,2018-03-28
1011,1011,1,60,394.23,2020-09-20,2017-09-14
1012,1012,5,60,133.23,2020-05-03,2018-04-01
1013,1013,4,60,1179.35,2018-01-09,2017-09-04
1014,1014,1,60,559.03,2020-11-12,2018-10-17
1015,1015,2,60,193.6,2018-06-25,2017-05-05
1016,1016,5,60,729.69,2020-07-13,2020-08-22
1017,1017,5,60,363.84,2017-05-21,2019-03-31
1018,1018,1,60,392.01,2018-04-29,2017-01-09
1019,1019,2,60,186.12,2020-10-07,2020-07-10
1020,1020,4,60,111.93,2019-07-28,2019-01-30
1021,1021,2,60,122.56,2018-09-14,2019-03-22
1022,1022,3,60,742.71,2017-01-28,2018-07-18
1023,1023,3,60,665.3,2017-11-01,2020-08-08
1024,1024,4,60,690.71,2018-08-16,2018-10-20
1025,1025,3,60,675.19,2020-03-04,2020-01-15
1026,1026,1,60,716.64,2020-05-08,2020-12-24
1027,1027,1,60,485.9,2018-05-07,2020-11-26
1028,1028,1,60,235.13,2019-06-04,2019-04-14
1029,1029,5,60,355.38,2020-05-21,2018-06-04
1030,1030,4,60,152.61,2020-02-10,2020-09-27
1031,1031,4,60,120.73,2020-05-02,2019-11-19
1032,1032,1,60,505.6,2020-04-14,2018-12-11
1033,1033,3,60,596.61,2020-03-01,2019-04-09
1034,1034,4,60,559.02,2020-01-28,2019-11-26
1035,1035,1,60,153.62,2020-01-19,2018-08-22
1036,1036,2,60,526.73,2020-11-23,2018-12-09
1037,1037,3,60,960.44,2018-01-01,2019-02-03
1038,1038,5,60,373.53,2017-06-08,2020-08-01
1039,1039,3,60,276.18,2017-12-25,2019-11-19
1040,1040,5,60,1193.07,2019-07-11,2020-07-24
1041,1041,1,60,841.03,2020-01-24,2019-04-18
1042,1042,4,60,146.28,2019-02-01,2020-03-24
1043,1043,4,60,365.95,2020-06-05,2020-03-23
1044,1044,2,60,679.58,2020-10-31,2018-07-31
1045,1045,2,60,1025.38,2017-12-14,2019-06-19
1046,1046,2,60,1060.66,2019-11-02,2017-06-05
1047,1047,1,60,151.76,2019-02-14,2018-01-19
1048,1048,3,60,191.53,2019-04-29,2017-07-04
1049,1049,4,60,215.72,2017-07-27,2020-04-02
1050,1050,3,60,722.04,2017-02-06,2018-01-19
1051,1051,4,60,565.05,2020-01-06,2020-11-02
1052,1052,3,60,803.98,2020-01-14,2018-06-08
1053,1053,5,60,319.66,2020-04-23,2020-01-31
1054,1054,4,60,732.56,2019-05-10,2017-03-09
1055,1055,2,60,541.63,2020-10-10,2020-03-25
1056,1056,4,60,443.6,2018-10-07,2017-08-12
1057,1057,3,60,547.74,2018-04-04,2017-05-30
1058,1058,1,60,514.96,2020-11-04,2017-04-19
1059,1059,4,60,378.47,2019-08-17,2017-01-25
1060,1060,3,60,812.32,2017-01-26,2020-10-27
1061,1061,3,60,1404.08,2019-11-25,2020-05-26
1062,1062,4,60,590.6,2017-12-23,2020-02-01
1063,1063,1,60,763.47,2019-10-23,2018-04-16
1064,1064,1,60,531.2,2018-04-11,2019-03-09
1065,1065,4,60,285.08,2017-02-21,2019-10-01
1066,1066,5,60,552.81,2020-01-10,2017-04-30
1067,1067,5,60,157.62,2017-07-13,2018-02-06
1068,1068,3,60,282.75,2018-09-03,2019-09-28
1069,1069,5,60,204.59,2018-12-05,2018-12-24
1070,1070,4,60,494.44,2019-12-01,2019-07-11
1071,1071,5,60,854.3,2017-09-06,2017-07-12
1072,1072,1,60,208.65,2019-02-14,2020-09-21
1073,1073,2,60,526.85,2019-03-23,2020-06-02
1074,1074,2,60,384.14,2018-01-09,2018-08-14
1075,1075,1,60,198.46,2017-03-28,2019-03-13
1076,1076,5,60,556.52,2017-05-01,2017-03-13
1077,1077,2,60,184.84,2019-06-02,2020-06-14
1078,1078,5,60,119.88,2019-03-24,2018-04-06
1079,1079,1,60,846.5,2017-07-17,2018-12-03
1080,1080,2,60,529.19,2019-02-12,2018-06-15
1081,1081,1,60,1104.7,2019-10-30,2020-02-19
1082,1082,3,60,522.42,2018-08-22,2017-08-16
1083,1083,3,60,240.02,2020-11-09,2019-07-04
1084,1084,5,60,435.12,2019-09-22,2017-09-03
1085,1085,4,60,744.33,2018-12-06,2020-11-09
1086,1086,1,60,375.26,2018-01-04,2019-08-08
1087,1087,1,60,725,2018-09-03,2018-08-04
1088,1088,4,60,738.28,2020-01-06,2020-11-15
1089,1089,2,60,1068.44,2018-02-23,2019-02-24
1090,1090,3,60,1197.97,2018-02-24,2020-12-06
1091,1091,5,60,361.21,2017-05-01,2020-09-27
1092,1092,5,60,336.87,2019-02-16,2020-11-06
1093,1093,3,60,1053.43,2018-03-06,2017-01-18
1094,1094,2,60,628.56,2019-02-04,2019-11-21
1095,1095,1,60,524.36,2017-05-21,2018-05-27
1096,1096,5,60,554.92,2017-08-15,2017-05-31
1097,1097,3,60,666.4,2020-03-17,2019-04-20
1098,1098,4,60,553.99,2019-09-20,2020-12-24
1099,1099,2,60,525.22,2019-03-11,2018-09-09
1100,1100,3,60,361.87,2018-09-07,2017-06-02
1101,1101,4,60,661.94,2019-01-07,2018-09-20
1102,1102,5,60,144.96,2020-04-27,2019-07-09
1103,1103,4,60,332.94,2017-01-03,2019-07-23
1104,1104,3,60,779.02,2018-08-16,2018-08-31
1105,1105,4,60,505.64,2020-06-25,2020-01-11
1106,1106,5,60,399.32,2019-02-19,2020-08-31
1107,1107,4,60,363.28,2018-04-08,2019-09-16
1108,1108,4,60,1074.47,2017-06-21,2017-03-04
1109,1109,4,60,615.89,2017-02-07,2018-09-18
1110,1110,4,60,376.39,2017-05-23,2019-08-28
1111,1111,1,60,573.14,2018-05-22,2018-05-19
1112,1112,4,60,495.72,2018-01-05,2017-05-25
1113,1113,1,60,349.56,2017-02-25,2018-07-13
1114,1114,3,60,940.6,2017-01-04,2018-09-03
1115,1115,2,60,582.94,2018-12-21,2017-10-31
1116,1116,1,60,711.51,2020-01-30,2018-07-01
1117,1117,3,60,344.71,2017-07-11,2020-09-25
1118,1118,4,60,451.36,2017-03-10,2017-02-04
1119,1119,4,60,28.58,2018-11-06,2020-03-05
1120,1120,3,60,614.11,2017-05-04,2020-08-29
1121,1121,4,60,810.5,2020-05-05,2018-02-23
1122,1122,1,60,501.63,2018-12-03,2018-04-08
1123,1123,3,60,170.67,2019-04-09,2017-11-25
1124,1124,1,60,361.71,2020-09-19,2019-02-23
1125,1125,3,60,370.9,2017-12-10,2019-05-26
1126,1126,4,60,739.82,2018-02-10,2020-08-27
1127,1127,2,60,616.98,2019-01-05,2017-10-16
1128,1128,3,60,1097.5,2017-12-07,2019-04-04
1129,1129,1,60,896.95,2020-03-28,2019-07-30
1130,1130,2,60,277.05,2017-09-25,2020-10-17
1131,1131,5,60,783.62,2019-03-08,2019-11-23
1132,1132,5,60,867.58,2018-12-03,2019-02-27
1133,1133,5,60,341.55,2019-12-18,2019-12-04
1134,1134,5,60,896.75,2020-08-30,2020-08-09
1135,1135,3,60,1129.91,2018-05-26,2017-03-20
1136,1136,4,60,48.41,2019-04-07,2019-02-05
1137,1137,1,60,235.47,2020-08-27,2018-02-14
1138,1138,4,60,582.56,2017-09-24,2019-09-26
1139,1139,2,60,825.04,2017-08-17,2017-11-24
1140,1140,3,60,940.1,2020-06-24,2019-03-07
1141,1141,1,60,893.24,2019-04-16,2020-03-09
1142,1142,1,60,120.54,2019-07-15,2018-11-06
1143,1143,5,60,660.96,2018-09-10,2017-03-03
1144,1144,3,60,888.5,2019-05-07,2018-02-10
1145,1145,3,60,533.74,2018-12-24,2017-06-16
1146,1146,2,60,901.96,2019-08-25,2019-07-07
1147,1147,4,60,87.27,2017-07-19,2017-09-22
1148,1148,1,60,370.49,2020-03-22,2019-01-11
1149,1149,4,60,784.02,2020-09-23,2018-08-27
1150,1150,3,60,693.87,2020-08-14,2018-08-22
1151,1151,3,60,708.66,2020-06-08,2017-04-19
1152,1152,4,60,321.94,2020-12-02,2018-08-04
1153,1153,1,60,827.75,2017-11-17,2019-05-26
1154,1154,1,60,970.4,2020-12-01,2020-06-28
1155,1155,5,60,837.25,2018-02-08,2018-08-25
1156,1156,3,60,333.41,2017-02-22,2020-07-19
1157,1157,1,60,785.67,2017-06-16,2019-05-14
1158,1158,2,60,567.48,2017-04-17,2017-06-04
1159,1159,3,60,574.01,2020-05-01,2018-10-21
1160,1160,4,60,700.03,2017-11-08,2020-04-09
1161,1161,5,60,703.06,2019-12-14,2020-03-13
1162,1162,1,60,456.85,2017-01-26,2019-09-13
1163,1163,2,60,209.2,2020-08-18,2017-01-17
1164,1164,4,60,378.74,2018-03-12,2018-02-21
1165,1165,4,60,297.86,2019-03-24,2017-06-21
1166,1166,5,60,317.97,2017-10-15,2020-02-16
1167,1167,1,60,107.76,2020-04-29,2020-08-16
1168,1168,3,60,246.86,2019-04-04,2020-09-12
1169,1169,4,60,412.25,2020-04-15,2020-02-15
1170,1170,1,60,918.25,2019-11-23,2017-09-02
1171,1171,4,60,145.95,2019-05-22,2018-08-04
1172,1172,2,60,86.28,2017-07-24,2020-03-30
1173,1173,5,60,493.6,2018-07-18,2018-09-03
1174,1174,4,60,640.63,2020-01-16,2018-03-22
1175,1175,4,60,636.88,2018-03-02,2018-02-27
1176,1176,2,60,299.84,2020-08-05,2019-12-19
1177,1177,1,60,702.59,2017-04-21,2019-07-14
1178,1178,4,60,839.26,2018-02-01,2020-12-21
1179,1179,3,60,175.78,2018-01-07,2017-01-10
1180,1180,2,60,38.03,2020-12-21,2018-10-18
1181,1181,5,60,51.13,2018-08-24,2018-06-29
1182,1182,4,60,403.16,2017-08-20,2019-12-14
1183,1183,4,60,71.61,2019-03-21,2018-10-07
1184,1184,5,60,1144.5,2017-02-14,2019-05-06
1185,1185,3,60,621.82,2017-08-26,2019-09-17
1186,1186,2,60,670.8,2018-11-19,2017-10-10
1187,1187,4,60,1067.8,2019-08-04,2019-02-20
1188,1188,1,60,521.23,2017-11-09,2017-04-30
1189,1189,5,60,1141.99,2020-12-10,2017-01-27
1190,1190,2,60,720.63,2017-03-01,2017-08-01
1191,1191,1,60,21.95,2018-10-26,2020-10-07
1192,1192,5,60,22.02,2020-08-11,2017-04-09
1193,1193,4,60,107.36,2018-09-19,2017-06-01
1194,1194,2,60,1029.3,2017-09-03,2017-04-18
1195,1195,4,60,374.38,2019-12-09,2018-01-05
1196,1196,4,60,119.07,2019-01-04,2017-06-04
1197,1197,2,60,429.92,2019-01-10,2019-09-01
1198,1198,1,60,263.34,2019-09-29,2018-08-11
1199,1199,4,60,1329.84,2020-09-04,2019-05-08
1200,1200,3,60,210.47,2017-11-24,2020-02-06
1201,1201,4,60,614.35,2018-06-15,2018-03-26
1202,1202,4,60,1031.35,2019-04-09,2017-06-17
1203,1203,5,60,867.22,2017-02-14,2017-12-30
1204,1204,5,60,301.4,2020-12-06,2019-11-10
1205,1205,3,60,974.36,2018-11-19,2018-11-21
1206,1206,4,60,623.05,2020-05-18,2018-11-04
1207,1207,3,60,233,2019-01-08,2019-11-22
1208,1208,5,60,630.69,2020-05-24,2017-03-13
1209,1209,4,60,1181.93,2020-04-22,2017-08-21
1210,1210,4,60,842.14,2019-09-12,2018-02-22
1211,1211,3,60,280.95,2017-04-11,2019-06-09
1212,1212,1,60,1219.2,2017-04-02,2018-10-06
1213,1213,2,60,37.01,2017-07-10,2018-09-28
1214,1214,4,60,105.13,2017-03-05,2018-04-17
1215,1215,3,60,413.98,2020-03-22,2020-07-08
1216,1216,2,60,162.47,2019-12-06,2020-03-18
1217,1217,5,60,1172.91,2020-12-11,2019-05-21
1218,1218,3,60,163.59,2017-08-29,2020-08-14
1219,1219,3,60,873.47,2017-05-17,2019-07-14
1220,1220,5,60,694.1,2017-10-10,2019-08-13
1221,1221,2,60,373.55,2018-10-02,2017-07-23
1222,1222,5,60,256.26,2019-01-18,2020-02-11
1223,1223,1,60,634.2,2017-05-29,2020-11-29
1224,1224,5,60,581.08,2019-06-17,2018-05-24
1225,1225,4,60,813.9,2020-03-08,2019-06-20
1226,1226,3,60,597.86,2017-06-15,2018-05-27
1227,1227,5,60,1237.5,2018-09-16,2017-09-15
1228,1228,5,60,352.74,2019-11-07,2019-11-30
1229,1229,5,60,751.76,2017-06-22,2017-11-08
1230,1230,5,60,624,2020-10-12,2019-10-27
1231,1231,3,60,330.13,2018-02-19,2017-11-20
1232,1232,1,60,74.36,2019-08-09,2019-02-06
1233,1233,2,60,545.91,2018-03-30,2019-04-30
1234,1234,2,60,697.65,2018-03-30,2017-11-27
1235,1235,3,60,156.97,2018-11-24,2019-09-19
1236,1236,3,60,402.92,2018-07-28,2017-04-11
1237,1237,1,60,1339.37,2020-10-14,2019-07-31
1238,1238,3,60,964.72,2018-08-01,2017-01-22
1239,1239,2,60,262.04,2020-07-14,2018-06-14
1240,1240,5,60,1193.35,2017-06-25,2019-04-15
1241,1241,1,60,604.03,2017-04-15,2020-05-01
1242,1242,5,60,112.19,2020-07-04,2019-03-20
1243,1243,2,60,445.76,2018-10-29,2019-10-16
1244,1244,4,60,596.89,2019-11-27,2018-10-31
1245,1245,2,60,720.37,2018-01-06,2018-09-13
1246,1246,1,60,342.58,2020-12-23,2018-03-06
1247,1247,3,60,368.59,2017-07-12,2020-05-04
1248,1248,4,60,717.46,2018-02-25,2019-11-10
1249,1249,1,60,761.96,2019-07-05,2017-09-08
1250,1250,4,60,380.31,2020-07-26,2019-01-07
1251,1251,1,60,482.32,2020-12-12,2020-06-13
1252,1252,5,60,557.77,2018-03-11,2018-01-18
1253,1253,2,60,867.47,2018-06-16,2019-04-09
1254,1254,1,60,1570.35,2019-11-20,2019-03-05
1255,1255,1,60,769.57,2020-01-01,2020-07-19
1256,1256,2,60,450.96,2018-07-11,2018-10-13
1257,1257,4,60,648.62,2019-09-26,2018-12-18
1258,1258,4,60,761.22,2017-07-04,2017-06-26
1259,1259,4,60,126.8,2020-12-19,2017-09-27
1260,1260,1,60,616.03,2020-05-26,2020-06-03
1261,1261,3,60,1051.59,2019-03-09,2019-03-24
1262,1262,1,60,880.74,2020-10-18,2017-06-20
1263,1263,3,60,242.82,2020-06-15,2020-06-05
1264,1264,4,60,311.8,2020-01-07,2017-06-28
1265,1265,1,60,862.92,2018-10-08,2018-11-19
1266,1266,2,60,1015.97,2018-03-18,2019-02-14
1267,1267,1,60,273.04,2018-05-19,2017-01-05
1268,1268,1,60,270.01,2018-05-07,2018-12-18
1269,1269,3,60,865.58,2017-05-05,2017-10-03
1270,1270,2,60,772.26,2019-09-10,2018-01-21
1271,1271,2,60,201.07,2018-02-09,2020-12-05
1272,1272,4,60,14.46,2018-07-20,2020-05-08
1273,1273,2,60,847.48,2020-12-03,2018-02-19
1274,1274,5,60,256.87,2018-06-19,2019-05-13
1275,1275,3,60,701.85,2018-03-20,2020-03-06
1276,1276,3,60,218.03,2019-12-31,2019-08-15
1277,1277,3,60,548.98,2017-11-21,2017-09-20
1278,1278,2,60,320.37,2018-07-29,2020-05-24
1279,1279,2,60,571.19,2018-08-05,2020-08-22
1280,1280,4,60,952.06,2018-05-10,2019-06-24
1281,1281,3,60,108.8,2020-04-08,2020-12-09
1282,1282,1,60,899.05,2017-12-26,2018-03-28
1283,1283,3,60,144.33,2017-10-21,2017-01-15
1284,1284,1,60,576.72,2018-08-11,2018-09-16
1285,1285,4,60,193.33,2019-03-25,2018-09-09
1286,1286,2,60,240.42,2017-08-13,2018-06-28
1287,1287,4,60,633.49,2019-07-30,2017-07-18
1288,1288,3,60,618.48,2017-05-17,2017-04-03
1289,1289,5,60,831.78,2020-01-09,2017-04-28
1290,1290,3,60,671.87,2019-02-16,2019-10-19
1291,1291,1,60,273.75,2020-11-06,2020-06-02
1292,1292,4,60,364.76,2018-02-26,2019-07-08
1293,1293,4,60,697.44,2017-05-08,2018-10-14
1294,1294,4,60,81.46,2019-07-14,2019-05-19
1295,1295,3,60,503.2,2018-08-04,2017-10-15
1296,1296,5,60,433.77,2020-12-27,2020-02-13
1297,1297,3,60,277.34,2020-04-17,2020-09-01
1298,1298,3,60,672.29,2017-02-19,2019-12-09
1299,1299,5,60,379.48,2020-11-13,2019-04-26
1300,1300,5,60,608.92,2017-10-11,2020-12-04
1301,1301,3,60,164.08,2018-04-29,2018-04-12
1302,1302,3,60,684.18,2020-03-11,2018-05-31
1303,1303,3,60,637.07,2019-11-24,2018-04-23
1304,1304,1,60,254.14,2017-10-20,2020-09-23
1305,1305,3,60,269.05,2017-02-11,2019-10-27
1306,1306,4,60,768.79,2019-08-18,2018-02-22
1307,1307,3,60,294.89,2020-06-29,2019-05-01
1308,1308,2,60,1011.96,2018-04-30,2017-02-25
1309,1309,1,60,46.48,2020-04-10,2017-02-05
1310,1310,4,60,741.98,2017-10-22,2019-06-26
1311,1311,4,60,895.09,2019-02-04,2018-10-01
1312,1312,2,60,136.04,2020-10-28,2020-11-05
1313,1313,4,60,741.55,2020-08-30,2020-11-23
1314,1314,1,60,411.56,2017-07-02,2019-11-11
1315,1315,5,60,500.55,2017-11-17,2019-12-25
1316,1316,5,60,670.89,2017-11-01,2019-04-28
1317,1317,3,60,32.27,2019-09-02,2018-05-03
1318,1318,4,60,537.63,2017-04-11,2017-10-02
1319,1319,5,60,185.05,2018-07-28,2018-08-27
1320,1320,5,60,278.7,2017-12-29,2017-11-09
1321,1321,1,60,379.55,2019-02-10,2018-12-30
1322,1322,4,60,297.74,2018-04-20,2019-04-14
1323,1323,1,60,256.86,2017-09-15,2018-10-27
1324,1324,2,60,369.54,2018-12-30,2020-06-17
1325,1325,4,60,710.08,2018-12-23,2017-06-06
1326,1326,3,60,92.47,2018-09-14,2018-03-19
1327,1327,3,60,69.81,2019-07-05,2017-02-06
1328,1328,1,60,510.28,2017-09-03,2017-11-01
1329,1329,4,60,685.09,2018-12-07,2019-11-13
1330,1330,5,60,1065.64,2020-06-21,2019-05-01
1331,1331,1,60,854.43,2017-07-25,2018-04-02
1332,1332,3,60,8.32,2017-08-16,2019-05-15
1333,1333,4,60,1075.53,2018-05-18,2017-08-07
1334,1334,1,60,1093.98,2019-10-18,2017-09-06
1335,1335,1,60,430.95,2018-11-20,2017-10-27
1336,1336,4,60,286.08,2017-06-20,2018-02-17
1337,1337,5,60,452.24,2018-05-06,2019-10-14
1338,1338,3,60,1024.37,2018-05-10,2019-04-24
1339,1339,3,60,175.83,2019-12-16,2017-09-08
1340,1340,4,60,150.57,2017-03-10,2017-02-28
1341,1341,2,60,343.49,2018-11-23,2017-09-17
1342,1342,3,60,133.84,2019-02-06,2019-10-15
1343,1343,5,60,25.06,2018-07-07,2017-10-23
1344,1344,4,60,214.94,2017-03-27,2018-10-29
1345,1345,2,60,506.08,2020-08-20,2017-05-25
1346,1346,5,60,516.89,2017-07-16,2018-10-19
1347,1347,1,60,453.21,2017-05-09,2018-06-15
1348,1348,2,60,988.8,2018-09-03,2017-09-23
1349,1349,2,60,133.75,2018-04-19,2017-05-16
1350,1350,1,60,590.99,2017-06-03,2018-09-12
1351,1351,4,60,823.33,2017-02-13,2017-08-16
1352,1352,1,60,143.76,2018-09-12,2018-11-23
1353,1353,3,60,866.64,2019-02-07,2019-04-12
1354,1354,4,60,396.71,2017-04-30,2018-01-27
1355,1355,4,60,752.73,2018-05-31,2020-11-22
1356,1356,4,60,281.93,2017-09-24,2017-03-08
1357,1357,5,60,911.91,2019-11-21,2018-08-15
1358,1358,5,60,470.81,2017-09-11,2018-01-31
1359,1359,5,60,669.7,2017-05-16,2017-02-28
1360,1360,3,60,266.4,2020-04-28,2020-04-20
1361,1361,4,60,562.39,2018-03-07,2018-07-24
1362,1362,1,60,248.73,2019-06-21,2018-10-02
1363,1363,3,60,897.94,2020-12-26,2019-07-04
1364,1364,5,60,467.03,2017-05-27,2018-05-21
1365,1365,5,60,1113.15,2018-10-12,2019-04-13
1366,1366,2,60,659.99,2019-10-21,2019-11-23
1367,1367,2,60,179.24,2017-05-19,2019-02-06
1368,1368,4,60,565.32,2018-06-21,2020-11-06
1369,1369,5,60,728.64,2017-11-06,2020-11-01
1370,1370,4,60,47.31,2019-06-30,2019-12-02
1371,1371,2,60,951.01,2019-09-26,2018-02-17
1372,1372,4,60,616.73,2020-06-04,2017-10-17
1373,1373,5,60,904.53,2020-03-11,2020-02-08
1374,1374,4,60,753.53,2018-11-22,2019-10-02
1375,1375,4,60,356.69,2018-08-19,2020-10-28
1376,1376,5,60,617.39,2017-11-21,2018-03-26
1377,1377,1,60,254.88,2020-05-01,2018-05-24
1378,1378,2,60,350.76,2019-06-08,2019-02-21
1379,1379,1,60,147.67,2020-09-14,2020-06-22
1380,1380,4,60,815.88,2018-04-04,2018-04-02
1381,1381,3,60,948.96,2018-10-31,2019-12-16
1382,1382,1,60,859.62,2018-01-11,2017-07-14
1383,1383,2,60,393.88,2019-10-13,2017-04-24
1384,1384,3,60,303.17,2017-08-11,2017-12-12
1385,1385,4,60,310.72,2020-12-21,2020-10-02
1386,1386,3,60,845.98,2017-02-12,2017-12-02
1387,1387,3,60,237.68,2019-05-07,2020-06-12
1388,1388,2,60,323.15,2018-10-26,2019-12-02
1389,1389,2,60,478.29,2017-05-25,2017-06-27
1390,1390,2,60,161.27,2017-11-02,2018-03-15
1391,1391,4,60,288.85,2018-05-20,2017-11-13
1392,1392,1,60,476.94,2018-10-16,2018-12-06
1393,1393,5,60,440.68,2018-01-06,2019-04-01
1394,1394,2,60,127.9,2017-11-18,2020-10-11
1395,1395,5,60,869.98,2017-10-06,2017-11-26
1396,1396,3,60,490.14,2019-04-15,2020-07-23
1397,1397,1,60,571.15,2019-03-25,2019-08-03
1398,1398,2,60,778.94,2020-05-30,2018-10-25
1399,1399,5,60,1247.25,2017-04-10,2020-12-21
1400,1400,5,60,435.04,2018-10-18,2019-10-29
1401,1401,2,60,516.46,2018-04-28,2020-11-24
1402,1402,3,60,572.72,2018-12-10,2019-12-08
1403,1403,3,60,218.97,2019-05-08,2020-11-16
1404,1404,5,60,567.76,2017-08-14,2017-08-08
1405,1405,5,60,70.79,2019-08-03,2018-09-23
1406,1406,2,60,131.26,2017-03-13,2019-05-29
1407,1407,5,60,879.66,2020-07-08,2020-08-02
1408,1408,2,60,240.09,2020-03-15,2020-04-26
1409,1409,3,60,149.64,2019-02-03,2019-11-15
1410,1410,4,60,269.72,2018-12-26,2017-03-16
1411,1411,4,60,744.39,2019-06-04,2020-09-18
1412,1412,3,60,195.11,2020-05-05,2018-09-04
1413,1413,2,60,607.95,2020-11-28,2020-11-20
1414,1414,3,60,492.47,2017-05-10,2020-08-07
1415,1415,5,60,456.77,2019-12-05,2019-04-10
1416,1416,3,60,454.13,2018-05-20,2018-01-15
1417,1417,3,60,316.96,2017-06-15,2018-01-08
1418,1418,1,60,750.36,2019-09-12,2019-05-23
1419,1419,1,60,856.51,2017-07-15,2017-12-21
1420,1420,4,60,235.53,2018-11-02,2018-01-01
1421,1421,4,60,623.37,2019-05-22,2018-01-19
1422,1422,4,60,373.23,2020-08-13,2019-05-06
1423,1423,4,60,1005.25,2019-05-24,2017-06-22
1424,1424,4,60,1062.02,2020-07-02,2020-05-25
1425,1425,4,60,813.08,2018-11-29,2019-07-08
1426,1426,4,60,954.98,2017-05-29,2020-01-16
1427,1427,2,60,128.68,2019-07-25,2019-12-26
1428,1428,5,60,58.42,2019-07-29,2019-12-02
1429,1429,3,60,454.37,2019-05-12,2018-10-12
1430,1430,2,60,781.61,2018-12-12,2018-10-01
1431,1431,3,60,435.46,2017-03-07,2019-09-13
1432,1432,2,60,277.51,2017-03-20,2020-05-08
1433,1433,1,60,633.1,2019-12-26,2017-09-26
1434,1434,3,60,510.06,2018-02-17,2017-09-03
1435,1435,3,60,1113.51,2018-08-24,2019-12-27
1436,1436,5,60,87.42,2019-08-28,2020-04-29
1437,1437,1,60,89.68,2020-06-18,2017-02-01
1438,1438,5,60,122.53,2018-12-31,2019-08-15
1439,1439,3,60,268.32,2019-01-08,2020-10-27
1440,1440,3,60,725.27,2019-07-01,2017-11-15
1441,1441,2,60,504.13,2017-07-31,2018-10-06
1442,1442,3,60,335.4,2020-06-26,2020-06-19
1443,1443,1,60,111.05,2018-12-06,2018-11-13
1444,1444,2,60,53.15,2019-04-20,2018-09-23
1445,1445,5,60,1048.67,2017-11-27,2019-09-17
1446,1446,1,60,708.12,2019-08-30,2019-08-04
1447,1447,2,60,187.16,2020-02-02,2020-01-15
1448,1448,3,60,538.07,2018-10-26,2017-11-25
1449,1449,2,60,996.04,2019-11-22,2018-01-24
1450,1450,2,60,426.08,2019-01-11,2019-12-22
1451,1451,2,60,288.61,2017-03-22,2019-03-29
1452,1452,1,60,974.68,2017-04-07,2019-07-23
1453,1453,5,60,120.04,2019-04-09,2019-11-18
1454,1454,1,60,29.88,2018-05-24,2017-01-09
1455,1455,1,60,380.17,2017-01-02,2017-02-27
1456,1456,1,60,451.55,2020-06-06,2020-02-25
1457,1457,3,60,125.64,2018-05-01,2020-05-04
1458,1458,1,60,761.64,2020-08-19,2017-08-10
1459,1459,1,60,1064.2,2020-11-12,2020-05-22
1460,1460,3,60,1182.91,2020-12-04,2017-10-06
1461,1461,1,60,592.24,2019-09-29,2017-11-09
1462,1462,2,60,1130.83,2017-05-29,2018-03-30
1463,1463,4,60,430.83,2018-10-20,2019-01-13
1464,1464,4,60,733.51,2019-01-12,2017-07-25
1465,1465,4,60,634.57,2019-12-04,2019-10-30
1466,1466,5,60,414.5,2020-10-26,2017-11-29
1467,1467,1,60,709.06,2018-06-19,2018-12-02
1468,1468,5,60,175.68,2019-11-10,2020-09-10
1469,1469,2,60,142.49,2020-11-17,2020-02-09
1470,1470,1,60,457.5,2020-08-29,2017-11-13
1471,1471,3,60,25.87,2018-08-01,2020-06-17
1472,1472,5,60,938.19,2017-10-05,2018-04-23
1473,1473,3,60,705.21,2020-08-02,2017-08-07
1474,1474,4,60,89.8,2019-06-29,2017-02-17
1475,1475,1,60,1189.54,2017-05-01,2017-10-28
1476,1476,5,60,629.33,2018-06-24,2018-05-09
1477,1477,2,60,610.99,2020-04-06,2020-08-16
1478,1478,2,60,1352.37,2019-02-16,2017-08-02
1479,1479,4,60,996.4,2017-05-01,2020-09-16
1480,1480,2,60,83.33,2020-02-26,2019-09-09
1481,1481,2,60,691.45,2019-03-08,2019-04-30
1482,1482,1,60,356.18,2019-03-24,2017-02-12
1483,1483,5,60,194.72,2020-12-02,2018-07-01
1484,1484,4,60,188.65,2018-11-26,2018-10-02
1485,1485,2,60,868.04,2017-03-10,2019-05-14
1486,1486,3,60,812.45,2020-05-31,2019-02-17
1487,1487,5,60,734.56,2018-05-18,2020-06-04
1488,1488,5,60,1032.95,2019-05-17,2019-01-09
1489,1489,3,60,453.53,2018-10-20,2017-08-24
1490,1490,3,60,521.6,2020-12-20,2019-04-04
1491,1491,1,60,390.36,2020-04-16,2018-01-13
1492,1492,4,60,585.58,2018-11-19,2020-03-30
1493,1493,4,60,584.78,2019-01-21,2017-02-02
1494,1494,1,60,436.17,2017-06-06,2019-09-17
1495,1495,4,60,379.74,2017-05-07,2019-08-11
1496,1496,3,60,814.86,2017-10-07,2020-11-25
1497,1497,5,60,367.48,2019-06-12,2020-03-18
1498,1498,2,60,207.3,2018-01-19,2019-03-04
1499,1499,2,60,799.39,2020-12-31,2020-09-04
1500,1500,5,60,421.18,2017-12-06,2017-08-20